Source_File,Page_Number,Raw_Line_Text,Line_Type,Event_Name_Normalized,Gender_Normalized,Round_Normalized,Event_State_Before,Event_State_Action,Event_State_After,Attached_To_Event_YN,Rejection_Reason,Notes
WAC 2025 RESULTS.pdf,1,"3) r:0.31 Cabrera, Silvana 5Y 4) r:0.18 Haskins, Ella SR A - Final",final_type_label,—,—,A,None/None  ft=unknown,ft_label: unknown→A,acc=0places,no,,NOTE: merged_col_label may hide swimmer data on same line
WAC 2025 RESULTS.pdf,1,r:13.26 25.92 29.20 25.03 23.05 B - Final,final_type_label,—,—,B,None/None  ft=A,ft_label: A→B,acc=0places,no,,NOTE: merged_col_label may hide swimmer data on same line
WAC 2025 RESULTS.pdf,3,A - Final 1:28.42 A Standard,final_type_label,—,—,A,None/None  ft=B,ft_label: B→A,acc=0places,no,,NOTE: merged_col_label may hide swimmer data on same line
WAC 2025 RESULTS.pdf,3,"B - Final 3) r:0.06 Ruble, Grace JR 4) r:0.15 Haskins, Ella SR",final_type_label,—,—,B,None/None  ft=A,ft_label: A→B,acc=0places,no,,NOTE: merged_col_label may hide swimmer data on same line
WAC 2025 RESULTS.pdf,4,A - Final,final_type_label,—,—,A,None/None  ft=B,ft_label: B→A,acc=0places,no,,NOTE: merged_col_label may hide swimmer data on same line
WAC 2025 RESULTS.pdf,4,8 UTU 1:33.37 22 B - Final,final_type_label,—,—,B,None/None  ft=A,ft_label: A→B,acc=0places,no,,NOTE: merged_col_label may hide swimmer data on same line
WAC 2025 RESULTS.pdf,12,Event 14 Women 50 Yard Freestyle,event_header,50 Free,women,none,200 IM/men  ft=unknown,FINALIZE(200 IM/men) → OPEN(50 Free/women),acc=42places,no,,ft_in_hdr=None
WAC 2025 RESULTS.pdf,12,"10 Dooling, Carter JR GCU 1:48.70 q",result_row,50 Free,women,unknown,50 Free/women  ft=unknown,place=10 (raw=10+off=0) time=1:48.70,acc=42places,yes,,running_total=1
WAC 2025 RESULTS.pdf,12,"11 Nagle, Tommy SR AFA 1:48.74 q 21.58 A Standard",result_row,50 Free,women,unknown,50 Free/women  ft=unknown,place=11 (raw=11+off=0) time=21.58,acc=42places,yes,,running_total=2
WAC 2025 RESULTS.pdf,12,"12 Adamson, Kyle SO UNLV 1:49.07 q Name Y r School Finals Time",result_row,50 Free,women,unknown,50 Free/women  ft=unknown,place=12 (raw=12+off=0) time=1:49.07,acc=42places,yes,,running_total=3
WAC 2025 RESULTS.pdf,12,r:12.76 23.52 26.47 31.83 27.25 A - Final,final_type_label,50 Free,women,A,50 Free/women  ft=unknown,ft_label: unknown→A,acc=42places,no,,NOTE: merged_col_label may hide swimmer data on same line
WAC 2025 RESULTS.pdf,12,"13 Chadderdon, Kellan 5Y WYO 1:49.17 q 1 Maksimova, Sofia 5Y CBU 22.19 B",result_row,50 Free,women,A,50 Free/women  ft=A,place=13 (raw=13+off=0) time=22.19,acc=42places,yes,,running_total=4
WAC 2025 RESULTS.pdf,12,"14 Houk, Harper 5Y GCU 1:49.20 q 2 Trionfetti, Martina Yuki SO UNC 22.81 17",result_row,50 Free,women,A,50 Free/women  ft=A,place=14 (raw=14+off=0) time=22.81,acc=42places,yes,,running_total=5
WAC 2025 RESULTS.pdf,12,"15 Knox, Cameron SO WYO 1:49.36 q 3 Dobbins, Emily SO NMSU 22.99 16",result_row,50 Free,women,A,50 Free/women  ft=A,place=15 (raw=15+off=0) time=22.99,acc=42places,yes,,running_total=6
WAC 2025 RESULTS.pdf,12,"16 Breitbart, Michael SR UNLV 1:49.49 q 4 Mazumdar, Dijana FR NMSU 23.24 15",result_row,50 Free,women,A,50 Free/women  ft=A,place=16 (raw=16+off=0) time=23.24,acc=42places,yes,,running_total=7
WAC 2025 RESULTS.pdf,12,"17 Teh, Andrew SO CBU 1:49.82 q 5 Haskins, Ella SR UI 23.26 14",result_row,50 Free,women,A,50 Free/women  ft=A,place=17 (raw=17+off=0) time=23.26,acc=42places,yes,,running_total=8
WAC 2025 RESULTS.pdf,12,"18 Davis, Collin JR WYO 1:49.96 q 6 Koc, Naya JR CBU 23.32 13",result_row,50 Free,women,A,50 Free/women  ft=A,place=18 (raw=18+off=0) time=23.32,acc=42places,yes,,running_total=9
WAC 2025 RESULTS.pdf,12,"19 Mickelson, McKay 5Y UNLV 1:50.03 q 7 David, Mia SO SU 23.41 12",result_row,50 Free,women,A,50 Free/women  ft=A,place=19 (raw=19+off=0) time=23.41,acc=42places,yes,,running_total=10
WAC 2025 RESULTS.pdf,13,"A - Final ... (Event 14 Women 50 Yard Freestyle) 5 Koc, Naya JR CBU 23.25 q",event_header,50 Free,women,A,50 Free/women  ft=A,FINALIZE(50 Free/women) → OPEN(50 Free/women),acc=42places,no,,ft_in_hdr=A
WAC 2025 RESULTS.pdf,13,"8 Henry, Gabriella FR UTU 23.46 11 6 Mazumdar, Dijana FR NMSU 23.37 q",result_row,50 Free,women,A,50 Free/women  ft=A,place=8 (raw=8+off=0) time=23.37,acc=42places,yes,,running_total=11
WAC 2025 RESULTS.pdf,13,"B - Final 7 David, Mia SO SU 23.42 q",final_type_label,50 Free,women,B,50 Free/women  ft=A,ft_label: A→B,acc=42places,no,,NOTE: merged_col_label may hide swimmer data on same line
WAC 2025 RESULTS.pdf,13,"9 Lombardi, Ellyson SO UNC 23.56 9 r:+0.70",result_row,50 Free,women,B,50 Free/women  ft=B,place=9 (raw=9+off=0) time=23.56,acc=42places,yes,,running_total=12
WAC 2025 RESULTS.pdf,13,"10 Mosier, Samantha SR SU 23.57 7 r:+0.74",result_row,50 Free,women,B,50 Free/women  ft=B,place=10 (raw=10+off=0) time=23.57,acc=42places,no,place_slot_10_already_taken (existing='1:48.70'),running_total=12
WAC 2025 RESULTS.pdf,13,"11 Butler, Madelyn JR UI 23.58 6 r:+0.74",result_row,50 Free,women,B,50 Free/women  ft=B,place=11 (raw=11+off=0) time=23.58,acc=42places,no,place_slot_11_already_taken (existing='21.58'),running_total=12
WAC 2025 RESULTS.pdf,13,"12 Miller, Amanda SO SU 23.60 5 r:+0.76",result_row,50 Free,women,B,50 Free/women  ft=B,place=12 (raw=12+off=0) time=23.60,acc=42places,no,place_slot_12_already_taken (existing='1:49.07'),running_total=12
WAC 2025 RESULTS.pdf,13,"13 Patters, Kailee JR GCU 23.62 4 r:+0.72",result_row,50 Free,women,B,50 Free/women  ft=B,place=13 (raw=13+off=0) time=23.62,acc=42places,no,place_slot_13_already_taken (existing='22.19'),running_total=12
WAC 2025 RESULTS.pdf,13,"14 Brownell, Kira JR NMSU 23.64 3 r:+0.74",result_row,50 Free,women,B,50 Free/women  ft=B,place=14 (raw=14+off=0) time=23.64,acc=42places,no,place_slot_14_already_taken (existing='22.81'),running_total=12
WAC 2025 RESULTS.pdf,13,"15 Watanabe, Kokona FR NAU 23.75 2 r:+0.63",result_row,50 Free,women,B,50 Free/women  ft=B,place=15 (raw=15+off=0) time=23.75,acc=42places,no,place_slot_15_already_taken (existing='22.99'),running_total=12
WAC 2025 RESULTS.pdf,13,"16 Foley, Kathryn SO UI 23.98 1 r:+0.74",result_row,50 Free,women,B,50 Free/women  ft=B,place=16 (raw=16+off=0) time=23.98,acc=42places,no,place_slot_16_already_taken (existing='23.24'),running_total=12
WAC 2025 RESULTS.pdf,13,C - Final r:+0.74,final_type_label,50 Free,women,C,50 Free/women  ft=B,ft_label: B→C,acc=42places,no,,NOTE: merged_col_label may hide swimmer data on same line
WAC 2025 RESULTS.pdf,13,"17 Gyde, Kathryn JR NMSU 23.44 *16 Borke, Isabelle SO UI 23.72 q",result_row,50 Free,women,C,50 Free/women  ft=C,place=17 (raw=17+off=0) time=23.72,acc=42places,no,place_slot_17_already_taken (existing='23.26'),running_total=12
WAC 2025 RESULTS.pdf,13,"18 Borke, Isabelle SO UI 23.64 *16 Watanabe, Kokona FR NAU 23.72 q",result_row,50 Free,women,C,50 Free/women  ft=C,place=18 (raw=18+off=0) time=23.72,acc=42places,no,place_slot_18_already_taken (existing='23.32'),running_total=12
WAC 2025 RESULTS.pdf,13,"21 Svorcan, Sara FR CBU 23.82 r:+0.77",result_row,50 Free,women,C,50 Free/women  ft=C,place=21 (raw=21+off=0) time=23.82,acc=42places,yes,,running_total=13
WAC 2025 RESULTS.pdf,13,"22 Heasman, Sydney SO UI 23.85 r:+4.92",result_row,50 Free,women,C,50 Free/women  ft=C,place=22 (raw=22+off=0) time=23.85,acc=42places,yes,,running_total=14
WAC 2025 RESULTS.pdf,13,"23 Farnum, Amanda SR UTU 23.93 r:+3.05",result_row,50 Free,women,C,50 Free/women  ft=C,place=23 (raw=23+off=0) time=23.93,acc=42places,yes,,running_total=15
WAC 2025 RESULTS.pdf,13,"24 Simioni, Vitoria FR UNC 24.20 r:+0.72",result_row,50 Free,women,C,50 Free/women  ft=C,place=24 (raw=24+off=0) time=24.20,acc=42places,yes,,running_total=16
WAC 2025 RESULTS.pdf,13,Event 14 Women 50 Yard Freestyle,event_header,50 Free,women,none,50 Free/women  ft=C,FINALIZE(50 Free/women) → OPEN(50 Free/women),acc=42places,no,,ft_in_hdr=None
WAC 2025 RESULTS.pdf,13,"25 Cheng, Aubrey SR SU 24.05",result_row,50 Free,women,unknown,50 Free/women  ft=unknown,place=25 (raw=25+off=0) time=24.05,acc=42places,yes,,running_total=17
WAC 2025 RESULTS.pdf,13,21.58 A Standard,result_row,50 Free,women,unknown,50 Free/women  ft=unknown,place=21 (raw=21+off=0) time=21.58,acc=42places,no,place_slot_21_already_taken (existing='23.82'),running_total=17
WAC 2025 RESULTS.pdf,13,22.58 B Standard,result_row,50 Free,women,unknown,50 Free/women  ft=unknown,place=22 (raw=22+off=0) time=22.58,acc=42places,no,place_slot_22_already_taken (existing='23.85'),running_total=17
WAC 2025 RESULTS.pdf,13,"26 Costantini, Caroline FR NMSU 24.07",result_row,50 Free,women,unknown,50 Free/women  ft=unknown,place=26 (raw=26+off=0) time=24.07,acc=42places,yes,,running_total=18
WAC 2025 RESULTS.pdf,13,"27 Antonetz, Sloane SO UNC 24.08",result_row,50 Free,women,unknown,50 Free/women  ft=unknown,place=27 (raw=27+off=0) time=24.08,acc=42places,yes,,running_total=19
WAC 2025 RESULTS.pdf,13,"1 Maksimova, Sofia 5Y CBU 22.24 qB",result_row,50 Free,women,unknown,50 Free/women  ft=unknown,place=1 (raw=1+off=0) time=22.24,acc=42places,yes,,running_total=20
WAC 2025 RESULTS.pdf,13,"28 Rom, Sorina SO UTU 24.09",result_row,50 Free,women,unknown,50 Free/women  ft=unknown,place=28 (raw=28+off=0) time=24.09,acc=42places,yes,,running_total=21
WAC 2025 RESULTS.pdf,13,"2 Trionfetti, Martina Yuki SO UNC 22.82 q",result_row,50 Free,women,unknown,50 Free/women  ft=unknown,place=2 (raw=2+off=0) time=22.82,acc=42places,yes,,running_total=22
WAC 2025 RESULTS.pdf,13,"3 Dobbins, Emily SO NMSU 22.91 q",result_row,50 Free,women,unknown,50 Free/women  ft=unknown,place=3 (raw=3+off=0) time=22.91,acc=42places,yes,,running_total=23
WAC 2025 RESULTS.pdf,13,"4 Haskins, Ella SR UI 23.17 q",result_row,50 Free,women,unknown,50 Free/women  ft=unknown,place=4 (raw=4+off=0) time=23.17,acc=42places,yes,,running_total=24
WAC 2025 RESULTS.pdf,14,"Preliminaries ... (Event 14 Women 50 Yard Freestyle) --- Qualman, Grace SO UI X24.09",event_header,50 Free,women,none,50 Free/women  ft=unknown,FINALIZE(50 Free/women) → OPEN(50 Free/women),acc=42places,no,,ft_in_hdr=None
WAC 2025 RESULTS.pdf,14,"31 Walton, Olivia SO CBU 24.15 --- Khiyara, Lina SR NMSU X24.10",result_row,50 Free,women,unknown,50 Free/women  ft=unknown,place=31 (raw=31+off=0) time=24.10,acc=42places,yes,,running_total=25
WAC 2025 RESULTS.pdf,14,"35 Henderson, Krisalyn JR GCU 24.21 --- Maspers, Mia 5Y CBU X24.22",result_row,50 Free,women,unknown,50 Free/women  ft=unknown,place=35 (raw=35+off=0) time=24.22,acc=42places,yes,,running_total=26
WAC 2025 RESULTS.pdf,14,"36 Gorska, Zofia FR UTU 24.24 --- Schumaker, Helen SO UI X24.32",result_row,50 Free,women,unknown,50 Free/women  ft=unknown,place=36 (raw=36+off=0) time=24.32,acc=42places,yes,,running_total=27
WAC 2025 RESULTS.pdf,14,"37 Carroll, Ailidh JR SU 24.39 --- Kowatch, Dreamer JR NMSU X24.37",result_row,50 Free,women,unknown,50 Free/women  ft=unknown,place=37 (raw=37+off=0) time=24.37,acc=42places,yes,,running_total=28
WAC 2025 RESULTS.pdf,14,"38 French, Amber SR CBU 24.42 --- Hicks, Lauren SR GCU X24.39",result_row,50 Free,women,unknown,50 Free/women  ft=unknown,place=38 (raw=38+off=0) time=24.39,acc=42places,yes,,running_total=29
WAC 2025 RESULTS.pdf,14,"39 Olsen, Yara FR UTU 24.43 --- Powell, Lily FR NAU X24.43",result_row,50 Free,women,unknown,50 Free/women  ft=unknown,place=39 (raw=39+off=0) time=24.43,acc=42places,yes,,running_total=30
WAC 2025 RESULTS.pdf,14,"40 Genson, Lydia SR SU 24.44 --- Kershner, Alexis FR CBU X24.48",result_row,50 Free,women,unknown,50 Free/women  ft=unknown,place=40 (raw=40+off=0) time=24.48,acc=42places,yes,,running_total=31
WAC 2025 RESULTS.pdf,14,"41 Cannon, Danielle FR UTU 24.60 --- Gott, Bailey SO GCU X24.49",result_row,50 Free,women,unknown,50 Free/women  ft=unknown,place=41 (raw=41+off=0) time=24.49,acc=42places,yes,,running_total=32
WAC 2025 RESULTS.pdf,14,"42 Bernier, Ariane FR UNC 24.98 --- Sears, Hailey JR GCU X24.52",result_row,50 Free,women,unknown,50 Free/women  ft=unknown,place=42 (raw=42+off=0) time=24.52,acc=42places,yes,,running_total=33
WAC 2025 RESULTS.pdf,14,"43 Wieber, Andersen FR UI 25.07 --- Wassel, Taylor SR UI X24.54",result_row,50 Free,women,unknown,50 Free/women  ft=unknown,place=43 (raw=43+off=0) time=24.54,acc=42places,yes,,running_total=34
WAC 2025 RESULTS.pdf,14,"44 Harris, Madelyn JR SU 25.40 --- Hyde, Catherine SO UI X24.62",result_row,50 Free,women,unknown,50 Free/women  ft=unknown,place=44 (raw=44+off=0) time=24.62,acc=42places,yes,,running_total=35
WAC 2025 RESULTS.pdf,14,"45 Rudelius, Ida FR UTRGV 25.41 --- Uren, Anna FR NMSU X24.70",result_row,50 Free,women,unknown,50 Free/women  ft=unknown,place=45 (raw=45+off=0) time=24.70,acc=42places,yes,,running_total=36
WAC 2025 RESULTS.pdf,14,"46 Dance, Trelise SO NAU 25.52 --- Cervantes-Vanderlugt, Elizabeth SR NMSU X24.71",result_row,50 Free,women,unknown,50 Free/women  ft=unknown,place=46 (raw=46+off=0) time=24.71,acc=42places,yes,,running_total=37
WAC 2025 RESULTS.pdf,14,"47 Garcia, Sarah FR UTRGV 25.58 --- Aiello, Isabella CBU X24.99",result_row,50 Free,women,unknown,50 Free/women  ft=unknown,place=47 (raw=47+off=0) time=24.99,acc=42places,yes,,running_total=38
WAC 2025 RESULTS.pdf,14,"48 Lofgren, Madiana FR UTRGV 25.67 --- Lytle, Rachael SR NAU X25.34",result_row,50 Free,women,unknown,50 Free/women  ft=unknown,place=48 (raw=48+off=0) time=25.34,acc=42places,yes,,running_total=39
WAC 2025 RESULTS.pdf,14,"49 Davila, Elisa SR UTRGV 26.22 --- Todd, Hailey CBU X25.36",result_row,50 Free,women,unknown,50 Free/women  ft=unknown,place=49 (raw=49+off=0) time=25.36,acc=42places,yes,,running_total=40
WAC 2025 RESULTS.pdf,14,"50 Uribe, Lauren FR UTRGV 26.85 --- Krasht, Isahbel NAU X25.40",result_row,50 Free,women,unknown,50 Free/women  ft=unknown,place=50 (raw=50+off=0) time=25.40,acc=42places,yes,,running_total=41
WAC 2025 RESULTS.pdf,14,"51 Trevino, Audry SO UTRGV 27.58",result_row,50 Free,women,unknown,50 Free/women  ft=unknown,place=51 (raw=51+off=0) time=27.58,acc=42places,yes,,running_total=42
WAC 2025 RESULTS.pdf,14,Event 15 Men 50 Yard Freestyle,event_header,50 Free,men,none,50 Free/women  ft=unknown,FINALIZE(50 Free/women) → OPEN(50 Free/men),acc=26places,no,,ft_in_hdr=None
WAC 2025 RESULTS.pdf,14,"52 Rubio, Caitlynn FR UTRGV 28.67",result_row,50 Free,men,unknown,50 Free/men  ft=unknown,place=52 (raw=52+off=0) time=28.67,acc=26places,yes,,running_total=1
WAC 2025 RESULTS.pdf,14,18.72 A Standard,result_row,50 Free,men,unknown,50 Free/men  ft=unknown,place=18 (raw=18+off=0) time=18.72,acc=26places,yes,,running_total=2
WAC 2025 RESULTS.pdf,14,"53 Brown, Caitlyn FR UTRGV 28.93",result_row,50 Free,men,unknown,50 Free/men  ft=unknown,place=53 (raw=53+off=0) time=28.93,acc=26places,yes,,running_total=3
WAC 2025 RESULTS.pdf,14,19.69 B Standard,result_row,50 Free,men,unknown,50 Free/men  ft=unknown,place=19 (raw=19+off=0) time=19.69,acc=26places,yes,,running_total=4
WAC 2025 RESULTS.pdf,14,A - Final,final_type_label,50 Free,men,A,50 Free/men  ft=unknown,ft_label: unknown→A,acc=26places,no,,NOTE: merged_col_label may hide swimmer data on same line
WAC 2025 RESULTS.pdf,14,"1 Fabiani, Remi JR CBU 18.86# B",result_row,50 Free,men,A,50 Free/men  ft=A,place=1 (raw=1+off=0) time=18.86,acc=26places,yes,,running_total=5
WAC 2025 RESULTS.pdf,14,"2 Petkovic, Andrija 5Y CBU 19.58 B",result_row,50 Free,men,A,50 Free/men  ft=A,place=2 (raw=2+off=0) time=19.58,acc=26places,yes,,running_total=6
WAC 2025 RESULTS.pdf,14,"3 Perez, Mario JR GCU 19.62 B",result_row,50 Free,men,A,50 Free/men  ft=A,place=3 (raw=3+off=0) time=19.62,acc=26places,yes,,running_total=7
WAC 2025 RESULTS.pdf,15,A - Final ... (Event 15 Men 50 Yard Freestyle),event_header,50 Free,men,A,50 Free/men  ft=A,FINALIZE(50 Free/men) → OPEN(50 Free/men),acc=26places,no,,ft_in_hdr=A
WAC 2025 RESULTS.pdf,15,A - Final ... (Event 15 Men 50 Yard Freestyle),finalize,50 Free,men,A,open=50 Free/men,FINALIZE(50 Free/men) reason=new_hdr:50 Free nplaces=7,acc=26places,no,,"places_so_far=[1, 2, 3, 18, 19, 52, 53]"
WAC 2025 RESULTS.pdf,15,Event 15 Men 50 Yard Freestyle,event_header,50 Free,men,none,50 Free/men  ft=A,FINALIZE(50 Free/men) → OPEN(50 Free/men),acc=26places,no,,ft_in_hdr=None
WAC 2025 RESULTS.pdf,15,Event 15 Men 50 Yard Freestyle,finalize,50 Free,men,A,open=50 Free/men,FINALIZE(50 Free/men) reason=new_hdr:50 Free nplaces=7,acc=26places,no,,"places_so_far=[1, 2, 3, 18, 19, 52, 53]"
WAC 2025 RESULTS.pdf,15,"4 Carrey, Guillermo SO GCU 19.66 B",result_row,50 Free,men,unknown,50 Free/men  ft=unknown,place=4 (raw=4+off=0) time=19.66,acc=26places,yes,,running_total=8
WAC 2025 RESULTS.pdf,15,18.72 A Standard,result_row,50 Free,men,unknown,50 Free/men  ft=unknown,place=18 (raw=18+off=0) time=18.72,acc=26places,no,place_slot_18_already_taken (existing='18.72'),running_total=8
WAC 2025 RESULTS.pdf,15,"5 Volkov, Alex JR GCU 19.85 14",result_row,50 Free,men,unknown,50 Free/men  ft=unknown,place=5 (raw=5+off=0) time=19.85,acc=26places,yes,,running_total=9
WAC 2025 RESULTS.pdf,15,19.69 B Standard,result_row,50 Free,men,unknown,50 Free/men  ft=unknown,place=19 (raw=19+off=0) time=19.69,acc=26places,no,place_slot_19_already_taken (existing='19.69'),running_total=9
WAC 2025 RESULTS.pdf,15,"6 Imig, Nicholas SU 20.08 13",result_row,50 Free,men,unknown,50 Free/men  ft=unknown,place=6 (raw=6+off=0) time=20.08,acc=26places,yes,,running_total=10
WAC 2025 RESULTS.pdf,15,"1 Fabiani, Remi JR CBU 19.04# qB",result_row,50 Free,men,unknown,50 Free/men  ft=unknown,place=1 (raw=1+off=0) time=19.04,acc=26places,no,place_slot_1_already_taken (existing='18.86'),running_total=10
WAC 2025 RESULTS.pdf,15,"7 Man, Brendan SR CBU 20.14 12",result_row,50 Free,men,unknown,50 Free/men  ft=unknown,place=7 (raw=7+off=0) time=20.14,acc=26places,yes,,running_total=11
WAC 2025 RESULTS.pdf,15,"2 Petkovic, Andrija 5Y CBU 19.58 qB",result_row,50 Free,men,unknown,50 Free/men  ft=unknown,place=2 (raw=2+off=0) time=19.58,acc=26places,no,place_slot_2_already_taken (existing='19.58'),running_total=11
WAC 2025 RESULTS.pdf,15,"8 Teller, Quinn SR WYO 20.15 11",result_row,50 Free,men,unknown,50 Free/men  ft=unknown,place=8 (raw=8+off=0) time=20.15,acc=26places,yes,,running_total=12
WAC 2025 RESULTS.pdf,15,"3 Perez, Mario JR GCU 19.71 q",result_row,50 Free,men,unknown,50 Free/men  ft=unknown,place=3 (raw=3+off=0) time=19.71,acc=26places,no,place_slot_3_already_taken (existing='19.62'),running_total=12
WAC 2025 RESULTS.pdf,15,B - Final,final_type_label,50 Free,men,B,50 Free/men  ft=unknown,ft_label: unknown→B,acc=26places,no,,NOTE: merged_col_label may hide swimmer data on same line
WAC 2025 RESULTS.pdf,15,"9 Mullen, Ian JR CBU 20.16 9",result_row,50 Free,men,B,50 Free/men  ft=B,place=9 (raw=9+off=0) time=20.16,acc=26places,yes,,running_total=13
WAC 2025 RESULTS.pdf,15,"4 Volkov, Alex JR GCU 19.87 q",result_row,50 Free,men,B,50 Free/men  ft=B,place=12 (raw=4+off=8) time=19.87,acc=26places,yes,,running_total=14
WAC 2025 RESULTS.pdf,15,"10 Perez Avila, Emil Jose FR UNLV 20.19 7",result_row,50 Free,men,B,50 Free/men  ft=B,place=10 (raw=10+off=0) time=20.19,acc=26places,yes,,running_total=15
WAC 2025 RESULTS.pdf,15,"5 Carrey, Guillermo SO GCU 19.91 q",result_row,50 Free,men,B,50 Free/men  ft=B,place=13 (raw=5+off=8) time=19.91,acc=26places,yes,,running_total=16
WAC 2025 RESULTS.pdf,15,"11 Mansheim, Tyler SR CBU 20.28 6",result_row,50 Free,men,B,50 Free/men  ft=B,place=11 (raw=11+off=0) time=20.28,acc=26places,yes,,running_total=17
WAC 2025 RESULTS.pdf,15,"12 Lanting, Nicholas SR SU 20.33 5",result_row,50 Free,men,B,50 Free/men  ft=B,place=12 (raw=12+off=0) time=20.33,acc=26places,no,place_slot_12_already_taken (existing='19.87'),running_total=17
WAC 2025 RESULTS.pdf,15,"*6 Imig, Nicholas SU 20.00 q",event_header,?,none,none,50 Free/men  ft=B,FINALIZE(50 Free/men) → OPEN(None/none),acc=0places,no,,ft_in_hdr=None
WAC 2025 RESULTS.pdf,15,"*6 Imig, Nicholas SU 20.00 q",finalize,50 Free,men,B,open=50 Free/men,FINALIZE(50 Free/men) reason=new_hdr:None nplaces=17,acc=26places,no,,"places_so_far=[1, 2, 3, 4, 5, 6, 7, 8]..."
WAC 2025 RESULTS.pdf,15,C - Final,final_type_label,—,—,C,None/None  ft=unknown,ft_label: unknown→C,acc=0places,no,,NOTE: merged_col_label may hide swimmer data on same line
WAC 2025 RESULTS.pdf,16,"Preliminaries ... (Event 15 Men 50 Yard Freestyle) 2 Jiminez-Mestes, Gael JR CBU 412.35# 17",event_header,50 Free,men,none,None/None  ft=C,FINALIZE(None/None) → OPEN(50 Free/men),acc=26places,no,,ft_in_hdr=None
WAC 2025 RESULTS.pdf,16,"24 Sisco, Gray FR WYO 20.70 q 4 Elsayed, Omar FR GCU 356.60 15",result_row,50 Free,men,unknown,50 Free/men  ft=unknown,place=24 (raw=24+off=0) time=356.60,acc=26places,yes,,running_total=18
WAC 2025 RESULTS.pdf,16,"25 Morales, Joseph FR WYO 20.71 6 Tereshchenko, Dmytro SR UNLV 329.25 13",result_row,50 Free,men,unknown,50 Free/men  ft=unknown,place=25 (raw=25+off=0) time=329.25,acc=26places,yes,,running_total=19
WAC 2025 RESULTS.pdf,16,"26 Colombo, Lucas JR CBU 20.83 8 Grau Espinosa, Bruno SO WYO 306.25 11",result_row,50 Free,men,unknown,50 Free/men  ft=unknown,place=26 (raw=26+off=0) time=306.25,acc=26places,yes,,running_total=20
WAC 2025 RESULTS.pdf,16,r:+0.61 B - Final,final_type_label,50 Free,men,B,50 Free/men  ft=unknown,ft_label: unknown→B,acc=26places,no,,NOTE: merged_col_label may hide swimmer data on same line
WAC 2025 RESULTS.pdf,16,"27 Orloff, Griffith SO WYO 21.06 9 Kenyon, Alexander SR AFA 327.55 9",result_row,50 Free,men,B,50 Free/men  ft=B,place=27 (raw=27+off=0) time=327.55,acc=26places,yes,,running_total=21
WAC 2025 RESULTS.pdf,16,"28 Thomure, Eric SR SU 21.18 11 Porter, Bryce SO GCU 290.70 6",result_row,50 Free,men,B,50 Free/men  ft=B,place=28 (raw=28+off=0) time=290.70,acc=26places,yes,,running_total=22
WAC 2025 RESULTS.pdf,16,"29 Rosales, Bridon JR AFA 21.40 13 Roby, Jack FR AFA 266.35 4",result_row,50 Free,men,B,50 Free/men  ft=B,place=29 (raw=29+off=0) time=266.35,acc=26places,yes,,running_total=23
WAC 2025 RESULTS.pdf,16,"30 Synnott, Mathias SO SU 21.81 15 Farr, Evan FR AFA 235.55 2",result_row,50 Free,men,B,50 Free/men  ft=B,place=30 (raw=30+off=0) time=235.55,acc=26places,yes,,running_total=24
WAC 2025 RESULTS.pdf,16,Event 17 Women 100 Yard Butterfly,event_header,100 Fly,women,none,50 Free/men  ft=B,FINALIZE(50 Free/men) → OPEN(100 Fly/women),acc=38places,no,,ft_in_hdr=None
WAC 2025 RESULTS.pdf,16,Event 17 Women 100 Yard Butterfly,finalize,50 Free,men,B,open=50 Free/men,FINALIZE(50 Free/men) reason=new_hdr:100 Fly nplaces=24,acc=26places,no,,"places_so_far=[1, 2, 3, 4, 5, 6, 7, 8]..."
WAC 2025 RESULTS.pdf,16,r:+0.90 A - Final,final_type_label,100 Fly,women,A,100 Fly/women  ft=unknown,ft_label: unknown→A,acc=38places,no,,NOTE: merged_col_label may hide swimmer data on same line
WAC 2025 RESULTS.pdf,16,"1 Musselman, Elsa JR NAU 53.45 20",result_row,100 Fly,women,A,100 Fly/women  ft=A,place=1 (raw=1+off=0) time=53.45,acc=38places,yes,,running_total=1
WAC 2025 RESULTS.pdf,16,"2 Maksimova, Sofia 5Y CBU 53.63 17",result_row,100 Fly,women,A,100 Fly/women  ft=A,place=2 (raw=2+off=0) time=53.63,acc=38places,yes,,running_total=2
WAC 2025 RESULTS.pdf,16,"3 Martinez, Paula JR GCU 53.73 16",result_row,100 Fly,women,A,100 Fly/women  ft=A,place=3 (raw=3+off=0) time=53.73,acc=38places,yes,,running_total=3
WAC 2025 RESULTS.pdf,16,A - Final,final_type_label,100 Fly,women,A,100 Fly/women  ft=A,ft_label: A→A,acc=38places,no,,NOTE: merged_col_label may hide swimmer data on same line
WAC 2025 RESULTS.pdf,16,"1 Vazquez, Alejandro SO UNLV 450.75# 20",result_row,100 Fly,women,A,100 Fly/women  ft=A,place=1 (raw=1+off=0) time=450.75,acc=38places,no,place_slot_1_already_taken (existing='53.45'),running_total=3
WAC 2025 RESULTS.pdf,16,"4 Lombardi, Ellyson SO UNC 53.97 15",result_row,100 Fly,women,A,100 Fly/women  ft=A,place=4 (raw=4+off=0) time=53.97,acc=38places,yes,,running_total=4
WAC 2025 RESULTS.pdf,17,"A - Final ... (Event 17 Women 100 Yard Butterfly) 2 Martinez, Paula JR GCU 53.90 q",event_header,100 Fly,women,A,100 Fly/women  ft=A,FINALIZE(100 Fly/women) → OPEN(100 Fly/women),acc=38places,no,,ft_in_hdr=A
WAC 2025 RESULTS.pdf,17,"5 Ruble, Grace JR UI 54.44 14 3 Musselman, Elsa JR NAU 54.21 q",result_row,100 Fly,women,A,100 Fly/women  ft=A,place=5 (raw=5+off=0) time=54.21,acc=38places,yes,,running_total=5
WAC 2025 RESULTS.pdf,17,"6 Cabrera, Silvana 5Y UI 54.62 13 4 Lombardi, Ellyson SO UNC 54.39 q",result_row,100 Fly,women,A,100 Fly/women  ft=A,place=6 (raw=6+off=0) time=54.39,acc=38places,yes,,running_total=6
WAC 2025 RESULTS.pdf,17,"7 Kelaher, Kaci FR NAU 54.99 12 5 Ruble, Grace JR UI 54.76 q",result_row,100 Fly,women,A,100 Fly/women  ft=A,place=7 (raw=7+off=0) time=54.76,acc=38places,yes,,running_total=7
WAC 2025 RESULTS.pdf,17,"8 Drossel, Emily JR CBU 55.16 11 6 Kelaher, Kaci FR NAU 54.80 q",result_row,100 Fly,women,A,100 Fly/women  ft=A,place=8 (raw=8+off=0) time=54.80,acc=38places,yes,,running_total=8
WAC 2025 RESULTS.pdf,17,"B - Final 7 Cabrera, Silvana 5Y UI 55.18 q",final_type_label,100 Fly,women,B,100 Fly/women  ft=A,ft_label: A→B,acc=38places,no,,NOTE: merged_col_label may hide swimmer data on same line
WAC 2025 RESULTS.pdf,17,"9 Irwin, Payten 5Y UNC 55.18 9 r:+0.71 25.71 29.47",result_row,100 Fly,women,B,100 Fly/women  ft=B,place=9 (raw=9+off=0) time=29.47,acc=38places,yes,,running_total=9
WAC 2025 RESULTS.pdf,17,"10 Butler, Madelyn JR UI 55.29 7 r:+0.74 25.95 29.36",result_row,100 Fly,women,B,100 Fly/women  ft=B,place=10 (raw=10+off=0) time=29.36,acc=38places,yes,,running_total=10
WAC 2025 RESULTS.pdf,17,"11 McDonagh, Faye JR NMSU 55.54 6 r:+0.72 26.18 29.16",result_row,100 Fly,women,B,100 Fly/women  ft=B,place=11 (raw=11+off=0) time=29.16,acc=38places,yes,,running_total=11
WAC 2025 RESULTS.pdf,17,"12 Munk, Gracie JR NAU 55.69 5 r:+0.98 26.00 29.54",result_row,100 Fly,women,B,100 Fly/women  ft=B,place=12 (raw=12+off=0) time=29.54,acc=38places,yes,,running_total=12
WAC 2025 RESULTS.pdf,17,"13 Miller, Amanda SO SU 55.79 4 r:+0.74 25.54 30.09",result_row,100 Fly,women,B,100 Fly/women  ft=B,place=13 (raw=13+off=0) time=30.09,acc=38places,yes,,running_total=13
WAC 2025 RESULTS.pdf,17,"14 Svorcan, Sara FR CBU 56.05 3 r:+0.76 26.10 29.62",result_row,100 Fly,women,B,100 Fly/women  ft=B,place=14 (raw=14+off=0) time=29.62,acc=38places,yes,,running_total=14
WAC 2025 RESULTS.pdf,17,"15 Henry, Gabriella FR UTU 56.06 2 r:+0.70 26.05 29.68",result_row,100 Fly,women,B,100 Fly/women  ft=B,place=15 (raw=15+off=0) time=29.68,acc=38places,yes,,running_total=15
WAC 2025 RESULTS.pdf,17,"16 Hagan, Emma 5Y CBU 56.31 1 r:+4.39 26.29 29.67",result_row,100 Fly,women,B,100 Fly/women  ft=B,place=16 (raw=16+off=0) time=29.67,acc=38places,yes,,running_total=16
WAC 2025 RESULTS.pdf,17,C - Final r:+0.68 25.98 30.09,final_type_label,100 Fly,women,C,100 Fly/women  ft=B,ft_label: B→C,acc=38places,no,,NOTE: merged_col_label may hide swimmer data on same line
WAC 2025 RESULTS.pdf,17,"17 Krasht, Isahbel NAU 54.81 16 Henry, Gabriella FR UTU 56.16 q",result_row,100 Fly,women,C,100 Fly/women  ft=C,place=17 (raw=17+off=0) time=56.16,acc=38places,yes,,running_total=17
WAC 2025 RESULTS.pdf,17,"18 Mosier, Samantha SR SU 55.82 17 Mosier, Samantha SR SU 56.19 q",result_row,100 Fly,women,C,100 Fly/women  ft=C,place=18 (raw=18+off=0) time=56.19,acc=38places,yes,,running_total=18
WAC 2025 RESULTS.pdf,17,"19 McRoberts, Adelaide FR UI 56.24 18 Krasht, Isahbel NAU 56.44 q",result_row,100 Fly,women,C,100 Fly/women  ft=C,place=19 (raw=19+off=0) time=56.44,acc=38places,yes,,running_total=19
WAC 2025 RESULTS.pdf,17,"20 Wilson, Christa SR GCU 56.44 19 Osthelder, Ellen SO NMSU 56.48 q",result_row,100 Fly,women,C,100 Fly/women  ft=C,place=20 (raw=20+off=0) time=56.48,acc=38places,yes,,running_total=20
WAC 2025 RESULTS.pdf,17,"21 Osthelder, Ellen SO NMSU 56.66 20 Kowatch, Dreamer JR NMSU 56.53 q",result_row,100 Fly,women,C,100 Fly/women  ft=C,place=21 (raw=21+off=0) time=56.53,acc=38places,yes,,running_total=21
WAC 2025 RESULTS.pdf,17,"22 Kowatch, Dreamer JR NMSU 57.25 21 Wassel, Taylor SR UI 56.85 q",result_row,100 Fly,women,C,100 Fly/women  ft=C,place=22 (raw=22+off=0) time=56.85,acc=38places,yes,,running_total=22
WAC 2025 RESULTS.pdf,17,"23 Wassel, Taylor SR UI 57.29 22 Wilson, Christa SR GCU 56.94 q",result_row,100 Fly,women,C,100 Fly/women  ft=C,place=23 (raw=23+off=0) time=56.94,acc=38places,yes,,running_total=23
WAC 2025 RESULTS.pdf,17,"24 Hyde, Catherine SO UI 57.66 23 Bacon, Emma FR NMSU 57.02 q",result_row,100 Fly,women,C,100 Fly/women  ft=C,place=24 (raw=24+off=0) time=57.02,acc=38places,yes,,running_total=24
WAC 2025 RESULTS.pdf,17,"24 Farnum, Amanda SR UTU 57.03 q",result_row,100 Fly,women,C,100 Fly/women  ft=C,place=24 (raw=24+off=0) time=57.03,acc=38places,no,place_slot_24_already_taken (existing='57.02'),running_total=24
WAC 2025 RESULTS.pdf,17,Event 17 Women 100 Yard Butterfly,event_header,100 Fly,women,none,100 Fly/women  ft=C,FINALIZE(100 Fly/women) → OPEN(100 Fly/women),acc=38places,no,,ft_in_hdr=None
WAC 2025 RESULTS.pdf,17,"25 Gott, Bailey SO GCU 57.32",result_row,100 Fly,women,unknown,100 Fly/women  ft=unknown,place=25 (raw=25+off=0) time=57.32,acc=38places,yes,,running_total=25
WAC 2025 RESULTS.pdf,17,50.52 A Standard,result_row,100 Fly,women,unknown,100 Fly/women  ft=unknown,place=50 (raw=50+off=0) time=50.52,acc=38places,yes,,running_total=26
WAC 2025 RESULTS.pdf,17,"26 Cross, Mary SO UTU 57.50",result_row,100 Fly,women,unknown,100 Fly/women  ft=unknown,place=26 (raw=26+off=0) time=57.50,acc=38places,yes,,running_total=27
WAC 2025 RESULTS.pdf,17,53.34 B Standard,result_row,100 Fly,women,unknown,100 Fly/women  ft=unknown,place=53 (raw=53+off=0) time=53.34,acc=38places,yes,,running_total=28
WAC 2025 RESULTS.pdf,17,"27 David, Mia SO SU 57.59",result_row,100 Fly,women,unknown,100 Fly/women  ft=unknown,place=27 (raw=27+off=0) time=57.59,acc=38places,yes,,running_total=29
WAC 2025 RESULTS.pdf,17,"1 Maksimova, Sofia 5Y CBU 53.82 q",result_row,100 Fly,women,unknown,100 Fly/women  ft=unknown,place=1 (raw=1+off=0) time=53.82,acc=38places,no,place_slot_1_already_taken (existing='53.45'),running_total=29
WAC 2025 RESULTS.pdf,17,"28 Hill, Abigail SO UTU 57.68",result_row,100 Fly,women,unknown,100 Fly/women  ft=unknown,place=28 (raw=28+off=0) time=57.68,acc=38places,yes,,running_total=30
WAC 2025 RESULTS.pdf,18,"Preliminaries ... (Event 17 Women 100 Yard Butterfly) 2 Potgieter, Wikus SO UNLV 46.59 B",event_header,100 Fly,women,none,100 Fly/women  ft=unknown,FINALIZE(100 Fly/women) → OPEN(100 Fly/women),acc=38places,no,,ft_in_hdr=None
WAC 2025 RESULTS.pdf,18,"29 Carroll, Ailidh JR SU 58.18 3 Belflower, Ian JR UNLV 46.77 B",result_row,100 Fly,women,unknown,100 Fly/women  ft=unknown,place=29 (raw=29+off=0) time=46.77,acc=38places,yes,,running_total=31
WAC 2025 RESULTS.pdf,18,"30 Costantini, Caroline FR NMSU 58.21 4 Winterfield, James JR AFA 46.84 15",result_row,100 Fly,women,unknown,100 Fly/women  ft=unknown,place=30 (raw=30+off=0) time=46.84,acc=38places,yes,,running_total=32
WAC 2025 RESULTS.pdf,18,"31 Frederiksen, Makenna FR SU 58.78 5 Ovaskainen, Jasu SO GCU 46.89 14",result_row,100 Fly,women,unknown,100 Fly/women  ft=unknown,place=31 (raw=31+off=0) time=46.89,acc=38places,yes,,running_total=33
WAC 2025 RESULTS.pdf,18,"32 Kamauu, Nohea JR SU 59.21 6 Mansheim, Tyler SR CBU 46.98 13",result_row,100 Fly,women,unknown,100 Fly/women  ft=unknown,place=32 (raw=32+off=0) time=46.98,acc=38places,yes,,running_total=34
WAC 2025 RESULTS.pdf,18,"33 Cannon, Danielle FR UTU 59.41 7 Man, Brendan SR CBU 47.00 12",result_row,100 Fly,women,unknown,100 Fly/women  ft=unknown,place=33 (raw=33+off=0) time=47.00,acc=38places,yes,,running_total=35
WAC 2025 RESULTS.pdf,18,"34 Rudelius, Ida FR UTRGV 59.54 8 Perez Avila, Emil Jose FR UNLV 47.08 11",result_row,100 Fly,women,unknown,100 Fly/women  ft=unknown,place=34 (raw=34+off=0) time=47.08,acc=38places,yes,,running_total=36
WAC 2025 RESULTS.pdf,18,"35 Garcia-Rivas, Hailey SO UTRGV 1:01.53 B - Final",final_type_label,100 Fly,women,B,100 Fly/women  ft=unknown,ft_label: unknown→B,acc=38places,no,,NOTE: merged_col_label may hide swimmer data on same line
WAC 2025 RESULTS.pdf,18,"36 Garcia, Sarah FR UTRGV 1:03.63 r:+0.63 22.40 25.06",result_row,100 Fly,women,B,100 Fly/women  ft=B,place=36 (raw=36+off=0) time=25.06,acc=38places,yes,,running_total=37
WAC 2025 RESULTS.pdf,18,"37 Gonzalez, Alexia FR UTRGV 1:06.91 r:+0.65 22.67 25.19",result_row,100 Fly,women,B,100 Fly/women  ft=B,place=37 (raw=37+off=0) time=25.19,acc=38places,yes,,running_total=38
WAC 2025 RESULTS.pdf,18,r:+5.13 26.82 31.93 C - Final,final_type_label,100 Fly,women,C,100 Fly/women  ft=B,ft_label: B→C,acc=38places,no,,NOTE: merged_col_label may hide swimmer data on same line
WAC 2025 RESULTS.pdf,18,"24 Wendt, Hawkins SO SU 50.76",result_row,100 Fly,women,C,100 Fly/women  ft=C,place=24 (raw=24+off=0) time=50.76,acc=38places,no,place_slot_24_already_taken (existing='57.02'),running_total=38
WAC 2025 RESULTS.pdf,18,Event 18 Men 100 Yard Butterfly,event_header,100 Fly,men,none,100 Fly/women  ft=C,FINALIZE(100 Fly/women) → OPEN(100 Fly/men),acc=26places,no,,ft_in_hdr=None
WAC 2025 RESULTS.pdf,18,44.51 A Standard,result_row,100 Fly,men,unknown,100 Fly/men  ft=unknown,place=44 (raw=44+off=0) time=44.51,acc=26places,yes,,running_total=1
WAC 2025 RESULTS.pdf,18,46.80 B Standard,result_row,100 Fly,men,unknown,100 Fly/men  ft=unknown,place=46 (raw=46+off=0) time=46.80,acc=26places,yes,,running_total=2
WAC 2025 RESULTS.pdf,18,A - Final,final_type_label,100 Fly,men,A,100 Fly/men  ft=unknown,ft_label: unknown→A,acc=26places,no,,NOTE: merged_col_label may hide swimmer data on same line
WAC 2025 RESULTS.pdf,18,"1 Smith, Gavin SR WYO 46.45 B",result_row,100 Fly,men,A,100 Fly/men  ft=A,place=1 (raw=1+off=0) time=46.45,acc=26places,yes,,running_total=3
WAC 2025 RESULTS.pdf,19,"24 Cesmat, Ryan SO SU 50.26 q",result_row,100 Fly,men,A,100 Fly/men  ft=A,place=24 (raw=24+off=0) time=50.26,acc=26places,yes,,running_total=4
WAC 2025 RESULTS.pdf,19,Event 18 Men 100 Yard Butterfly,event_header,100 Fly,men,none,100 Fly/men  ft=A,FINALIZE(100 Fly/men) → OPEN(100 Fly/men),acc=26places,no,,ft_in_hdr=None
WAC 2025 RESULTS.pdf,19,Event 18 Men 100 Yard Butterfly,finalize,100 Fly,men,A,open=100 Fly/men,FINALIZE(100 Fly/men) reason=new_hdr:100 Fly nplaces=4,acc=26places,no,,"places_so_far=[1, 24, 44, 46]"
WAC 2025 RESULTS.pdf,19,"25 Lewis, Kyle SO SU 50.28",result_row,100 Fly,men,unknown,100 Fly/men  ft=unknown,place=25 (raw=25+off=0) time=50.28,acc=26places,yes,,running_total=5
WAC 2025 RESULTS.pdf,19,44.51 A Standard,result_row,100 Fly,men,unknown,100 Fly/men  ft=unknown,place=44 (raw=44+off=0) time=44.51,acc=26places,no,place_slot_44_already_taken (existing='44.51'),running_total=5
WAC 2025 RESULTS.pdf,19,"26 Strohmeyer, Daniel SO SU 52.46",result_row,100 Fly,men,unknown,100 Fly/men  ft=unknown,place=26 (raw=26+off=0) time=52.46,acc=26places,yes,,running_total=6
WAC 2025 RESULTS.pdf,19,46.80 B Standard,result_row,100 Fly,men,unknown,100 Fly/men  ft=unknown,place=46 (raw=46+off=0) time=46.80,acc=26places,no,place_slot_46_already_taken (existing='46.80'),running_total=6
WAC 2025 RESULTS.pdf,19,"1 Smith, Gavin SR WYO 46.56 qB",result_row,100 Fly,men,unknown,100 Fly/men  ft=unknown,place=1 (raw=1+off=0) time=46.56,acc=26places,no,place_slot_1_already_taken (existing='46.45'),running_total=6
WAC 2025 RESULTS.pdf,19,"2 Belflower, Ian JR UNLV 46.90 q",result_row,100 Fly,men,unknown,100 Fly/men  ft=unknown,place=2 (raw=2+off=0) time=46.90,acc=26places,yes,,running_total=7
WAC 2025 RESULTS.pdf,19,"3 Perez Avila, Emil Jose FR UNLV 47.07 q",result_row,100 Fly,men,unknown,100 Fly/men  ft=unknown,place=3 (raw=3+off=0) time=47.07,acc=26places,yes,,running_total=8
WAC 2025 RESULTS.pdf,19,"4 Potgieter, Wikus SO UNLV 47.08 q",result_row,100 Fly,men,unknown,100 Fly/men  ft=unknown,place=4 (raw=4+off=0) time=47.08,acc=26places,yes,,running_total=9
WAC 2025 RESULTS.pdf,19,"5 Mansheim, Tyler SR CBU 47.20 q Event 19 Women 400 Yard IM",result_row,100 Fly,men,unknown,100 Fly/men  ft=unknown,place=5 (raw=5+off=0) time=47.20,acc=26places,yes,,running_total=10
WAC 2025 RESULTS.pdf,19,"8 Man, Brendan SR CBU 47.34 q A - Final",final_type_label,100 Fly,men,A,100 Fly/men  ft=unknown,ft_label: unknown→A,acc=26places,no,,NOTE: merged_col_label may hide swimmer data on same line
WAC 2025 RESULTS.pdf,19,"9 Cohen, Eli JR GCU 47.80 q r:+0.75 26.91 31.25 30.10 31.28",result_row,100 Fly,men,A,100 Fly/men  ft=A,place=9 (raw=9+off=0) time=31.28,acc=26places,yes,,running_total=11
WAC 2025 RESULTS.pdf,19,"10 Carrey, Guillermo SO GCU 47.81 q 2 Macsok, Fruzsina SR GCU 4:18.53 17",result_row,100 Fly,men,A,100 Fly/men  ft=A,place=10 (raw=10+off=0) time=4:18.53,acc=26places,yes,,running_total=12
WAC 2025 RESULTS.pdf,19,"11 Lanting, Nicholas SR SU 48.13 q 36.88 35.56 31.11 30.44",result_row,100 Fly,men,A,100 Fly/men  ft=A,place=11 (raw=11+off=0) time=30.44,acc=26places,yes,,running_total=13
WAC 2025 RESULTS.pdf,19,"12 Sisco, Gray FR WYO 48.35 q r:+0.80 28.14 31.32 33.84 32.80",result_row,100 Fly,men,A,100 Fly/men  ft=A,place=12 (raw=12+off=0) time=32.80,acc=26places,yes,,running_total=14
WAC 2025 RESULTS.pdf,19,"13 Teller, Quinn SR WYO 48.36 q 4 Wegrzynowska, Aleksandra SR GCU 4:21.55 15",result_row,100 Fly,men,A,100 Fly/men  ft=A,place=13 (raw=13+off=0) time=4:21.55,acc=26places,yes,,running_total=15
WAC 2025 RESULTS.pdf,19,"14 Wilson, Tanner FR AFA 48.38 q 38.48 38.97 30.03 29.71",result_row,100 Fly,men,A,100 Fly/men  ft=A,place=14 (raw=14+off=0) time=29.71,acc=26places,yes,,running_total=16
WAC 2025 RESULTS.pdf,19,"15 Detjen, Daniel JR AFA 48.43 q r:+0.73 27.96 32.58 34.72 33.85",result_row,100 Fly,men,A,100 Fly/men  ft=A,place=15 (raw=15+off=0) time=33.85,acc=26places,yes,,running_total=17
WAC 2025 RESULTS.pdf,19,"16 Colombo, Lucas JR CBU 48.56 q 6 Crespo, Riley SO NMSU 4:25.49 13",result_row,100 Fly,men,A,100 Fly/men  ft=A,place=16 (raw=16+off=0) time=4:25.49,acc=26places,yes,,running_total=18
WAC 2025 RESULTS.pdf,19,"17 Rynkiewicz, Jakub FR WYO 48.75 q 37.61 38.52 31.89 31.14",result_row,100 Fly,men,A,100 Fly/men  ft=A,place=17 (raw=17+off=0) time=31.14,acc=26places,yes,,running_total=19
WAC 2025 RESULTS.pdf,19,"18 Chadderdon, Kellan 5Y WYO 49.03 q r:+0.72 28.51 32.77 32.68 32.90",result_row,100 Fly,men,A,100 Fly/men  ft=A,place=18 (raw=18+off=0) time=32.90,acc=26places,yes,,running_total=20
WAC 2025 RESULTS.pdf,19,"19 Borrman, Jakob 5Y WYO 49.17 q 8 Lenarz, Holly FR UI 4:26.94 11",result_row,100 Fly,men,A,100 Fly/men  ft=A,place=19 (raw=19+off=0) time=4:26.94,acc=26places,yes,,running_total=21
WAC 2025 RESULTS.pdf,19,"20 Morales, Joseph FR WYO 49.35 q 38.15 38.65 31.15 29.94",result_row,100 Fly,men,A,100 Fly/men  ft=A,place=20 (raw=20+off=0) time=29.94,acc=26places,yes,,running_total=22
WAC 2025 RESULTS.pdf,19,r:13.97 23.10 26.25 B - Final,final_type_label,100 Fly,men,B,100 Fly/men  ft=A,ft_label: A→B,acc=26places,no,,NOTE: merged_col_label may hide swimmer data on same line
WAC 2025 RESULTS.pdf,19,"21 Thomure, Eric SR SU 49.50 q 9 Galo Nogueira, Estel JR NMSU 4:22.74 9",result_row,100 Fly,men,B,100 Fly/men  ft=B,place=21 (raw=21+off=0) time=4:22.74,acc=26places,yes,,running_total=23
WAC 2025 RESULTS.pdf,19,"22 Inoue, Tatsuki SR UNLV 49.78 q 38.62 39.42 29.52 28.01",result_row,100 Fly,men,B,100 Fly/men  ft=B,place=22 (raw=22+off=0) time=28.01,acc=26places,yes,,running_total=24
WAC 2025 RESULTS.pdf,19,"23 Wendt, Hawkins SO SU 50.03 q r:+0.79 28.69 31.70 33.30 34.59",result_row,100 Fly,men,B,100 Fly/men  ft=B,place=23 (raw=23+off=0) time=34.59,acc=26places,yes,,running_total=25
WAC 2025 RESULTS.pdf,20,"B - Final ... (Event 19 Women 400 Yard IM) 2 Macsok, Fruzsina SR GCU 4:22.97 q",event_header,400 IM,women,B,100 Fly/men  ft=B,FINALIZE(100 Fly/men) → OPEN(400 IM/women),acc=21places,no,,ft_in_hdr=B
WAC 2025 RESULTS.pdf,20,"B - Final ... (Event 19 Women 400 Yard IM) 2 Macsok, Fruzsina SR GCU 4:22.97 q",finalize,100 Fly,men,B,open=100 Fly/men,FINALIZE(100 Fly/men) reason=new_hdr:400 IM nplaces=25,acc=26places,no,,"places_so_far=[1, 2, 3, 4, 5, 9, 10, 11]..."
WAC 2025 RESULTS.pdf,20,"11 Mason, Marie FR UI 4:25.56 6 37.49 36.95 31.61 30.18",result_row,400 IM,women,B,400 IM/women  ft=B,place=11 (raw=11+off=0) time=30.18,acc=21places,yes,,running_total=1
WAC 2025 RESULTS.pdf,20,"12 Manoli, Agathi FR UNC 4:25.63 5 38.15 38.53 30.69 30.35",result_row,400 IM,women,B,400 IM/women  ft=B,place=12 (raw=12+off=0) time=30.35,acc=21places,yes,,running_total=2
WAC 2025 RESULTS.pdf,20,"13 Buyers, Amelia SR UI 4:26.86 4 37.85 37.32 30.38 29.33",result_row,400 IM,women,B,400 IM/women  ft=B,place=13 (raw=13+off=0) time=29.33,acc=21places,yes,,running_total=3
WAC 2025 RESULTS.pdf,20,"14 Robles, Gabriela JR CBU 4:27.19 3 36.30 36.63 30.71 29.36",result_row,400 IM,women,B,400 IM/women  ft=B,place=14 (raw=14+off=0) time=29.36,acc=21places,yes,,running_total=4
WAC 2025 RESULTS.pdf,20,"15 Taylor, Eliza FR CBU 4:27.63 2 38.27 38.36 30.53 29.38",result_row,400 IM,women,B,400 IM/women  ft=B,place=15 (raw=15+off=0) time=29.38,acc=21places,yes,,running_total=5
WAC 2025 RESULTS.pdf,20,"16 Haan, Linnea FR UNC 4:30.62 1 38.55 38.68 30.30 30.38",result_row,400 IM,women,B,400 IM/women  ft=B,place=16 (raw=16+off=0) time=30.38,acc=21places,yes,,running_total=6
WAC 2025 RESULTS.pdf,20,C - Final 39.42 39.89 30.28 29.99,final_type_label,400 IM,women,C,400 IM/women  ft=B,ft_label: B→C,acc=21places,no,,NOTE: merged_col_label may hide swimmer data on same line
WAC 2025 RESULTS.pdf,20,"17 Hayes, Allie FR UTU 4:29.98 9 Corradi, Elisa JR GCU 4:26.78 q",result_row,400 IM,women,C,400 IM/women  ft=C,place=17 (raw=17+off=0) time=4:26.78,acc=21places,yes,,running_total=7
WAC 2025 RESULTS.pdf,20,"18 On-The-Hill, Emma FR UNC 4:30.17 10 Mason, Marie FR UI 4:26.97 q",result_row,400 IM,women,C,400 IM/women  ft=C,place=18 (raw=18+off=0) time=4:26.97,acc=21places,yes,,running_total=8
WAC 2025 RESULTS.pdf,20,"19 Lawson, Kaiya SO UTU 4:30.78 11 Galo Nogueira, Estel JR NMSU 4:26.99 q",result_row,400 IM,women,C,400 IM/women  ft=C,place=19 (raw=19+off=0) time=4:26.99,acc=21places,yes,,running_total=9
WAC 2025 RESULTS.pdf,20,"20 Ley, Rachel JR UNC 4:31.25 12 Manoli, Agathi FR UNC 4:27.76 q",result_row,400 IM,women,C,400 IM/women  ft=C,place=20 (raw=20+off=0) time=4:27.76,acc=21places,yes,,running_total=10
WAC 2025 RESULTS.pdf,20,"21 Vannelli, Audrey FR UNC 4:31.93 13 Haan, Linnea FR UNC 4:29.44 q",result_row,400 IM,women,C,400 IM/women  ft=C,place=21 (raw=21+off=0) time=4:29.44,acc=21places,yes,,running_total=11
WAC 2025 RESULTS.pdf,20,"22 Husaby, Clara SO SU 4:38.06 14 Taylor, Eliza FR CBU 4:29.85 q",result_row,400 IM,women,C,400 IM/women  ft=C,place=22 (raw=22+off=0) time=4:29.85,acc=21places,yes,,running_total=12
WAC 2025 RESULTS.pdf,20,"23 Tracy, Jenna FR UTU 4:38.40 15 Robles, Gabriela JR CBU 4:29.86 q",result_row,400 IM,women,C,400 IM/women  ft=C,place=23 (raw=23+off=0) time=4:29.86,acc=21places,yes,,running_total=13
WAC 2025 RESULTS.pdf,20,"24 Votava, Olivia SO UTRGV 4:44.54 16 Buyers, Amelia SR UI 4:30.49 q",result_row,400 IM,women,C,400 IM/women  ft=C,place=24 (raw=24+off=0) time=4:30.49,acc=21places,yes,,running_total=14
WAC 2025 RESULTS.pdf,20,"17 On-The-Hill, Emma FR UNC 4:31.12 q",result_row,400 IM,women,C,400 IM/women  ft=C,place=17 (raw=17+off=0) time=4:31.12,acc=21places,no,place_slot_17_already_taken (existing='4:26.78'),running_total=14
WAC 2025 RESULTS.pdf,20,Event 19 Women 400 Yard IM,event_header,400 IM,women,none,400 IM/women  ft=C,FINALIZE(400 IM/women) → OPEN(400 IM/women),acc=21places,no,,ft_in_hdr=None
WAC 2025 RESULTS.pdf,20,Event 19 Women 400 Yard IM,finalize,400 IM,women,C,open=400 IM/women,FINALIZE(400 IM/women) reason=new_hdr:400 IM nplaces=14,acc=21places,no,,"places_so_far=[11, 12, 13, 14, 15, 16, 17, 18]..."
WAC 2025 RESULTS.pdf,20,"18 Vannelli, Audrey FR UNC 4:31.40 q",result_row,400 IM,women,unknown,400 IM/women  ft=unknown,place=18 (raw=18+off=0) time=4:31.40,acc=21places,no,place_slot_18_already_taken (existing='4:26.97'),running_total=14
WAC 2025 RESULTS.pdf,20,"19 Lawson, Kaiya SO UTU 4:32.23 q",result_row,400 IM,women,unknown,400 IM/women  ft=unknown,place=19 (raw=19+off=0) time=4:32.23,acc=21places,no,place_slot_19_already_taken (existing='4:26.99'),running_total=14
WAC 2025 RESULTS.pdf,20,"1 Kiefer, Ginger SO UI 4:19.47 q",result_row,400 IM,women,unknown,400 IM/women  ft=unknown,place=1 (raw=1+off=0) time=4:19.47,acc=21places,yes,,running_total=15
WAC 2025 RESULTS.pdf,21,Preliminaries ... (Event 19 Women 400 Yard IM) B - Final,event_header,400 IM,women,B,400 IM/women  ft=unknown,FINALIZE(400 IM/women) → OPEN(400 IM/women),acc=21places,no,,ft_in_hdr=B
WAC 2025 RESULTS.pdf,21,Preliminaries ... (Event 19 Women 400 Yard IM) B - Final,finalize,400 IM,women,unknown,open=400 IM/women,FINALIZE(400 IM/women) reason=new_hdr:400 IM nplaces=15,acc=21places,no,,"places_so_far=[1, 11, 12, 13, 14, 15, 16, 17]..."
WAC 2025 RESULTS.pdf,21,"20 Hayes, Allie FR UTU 4:32.33 q r:+0.65 24.75 27.71 29.57 28.78",result_row,400 IM,women,B,400 IM/women  ft=B,place=20 (raw=20+off=0) time=28.78,acc=21places,no,place_slot_20_already_taken (existing='4:27.76'),running_total=15
WAC 2025 RESULTS.pdf,21,"39.91 41.03 31.53 31.66 10 Kovacsics, Mark JR CBU 3:52.41 7",result_row,400 IM,women,B,400 IM/women  ft=B,place=39 (raw=39+off=0) time=3:52.41,acc=21places,yes,,running_total=16
WAC 2025 RESULTS.pdf,21,"21 Ley, Rachel JR UNC 4:33.94 q r:+0.83 25.50 28.77 31.17 30.54",result_row,400 IM,women,B,400 IM/women  ft=B,place=21 (raw=21+off=0) time=30.54,acc=21places,no,place_slot_21_already_taken (existing='4:29.44'),running_total=16
WAC 2025 RESULTS.pdf,21,"37.58 38.52 32.77 31.97 11 Sebastian, Anthony JR AFA 3:57.21 6",result_row,400 IM,women,B,400 IM/women  ft=B,place=37 (raw=37+off=0) time=3:57.21,acc=21places,yes,,running_total=17
WAC 2025 RESULTS.pdf,21,"22 Tracy, Jenna FR UTU 4:38.09 q r:+0.72 25.33 29.04 31.73 31.32",result_row,400 IM,women,B,400 IM/women  ft=B,place=22 (raw=22+off=0) time=31.32,acc=21places,no,place_slot_22_already_taken (existing='4:29.85'),running_total=17
WAC 2025 RESULTS.pdf,21,"38.66 39.76 33.84 31.95 12 Fiscus, Ralph SO AFA 3:57.43 5",result_row,400 IM,women,B,400 IM/women  ft=B,place=38 (raw=38+off=0) time=3:57.43,acc=21places,yes,,running_total=18
WAC 2025 RESULTS.pdf,21,"23 Husaby, Clara SO SU 4:38.51 q r:+0.73 25.25 28.16 31.31 30.92",result_row,400 IM,women,B,400 IM/women  ft=B,place=23 (raw=23+off=0) time=30.92,acc=21places,no,place_slot_23_already_taken (existing='4:29.86'),running_total=18
WAC 2025 RESULTS.pdf,21,"40.40 41.38 33.34 32.45 13 Stephenson, Joseph SO GCU 3:57.49 4",result_row,400 IM,women,B,400 IM/women  ft=B,place=40 (raw=40+off=0) time=3:57.49,acc=21places,yes,,running_total=19
WAC 2025 RESULTS.pdf,21,"24 Votava, Olivia SO UTRGV 4:40.28 q r:+0.75 25.13 28.95 30.97 30.66",result_row,400 IM,women,B,400 IM/women  ft=B,place=24 (raw=24+off=0) time=30.66,acc=21places,no,place_slot_24_already_taken (existing='4:30.49'),running_total=19
WAC 2025 RESULTS.pdf,21,"39.50 41.21 33.48 32.40 14 Lee, Keanu SO SU 3:59.30 3",result_row,400 IM,women,B,400 IM/women  ft=B,place=39 (raw=39+off=0) time=3:59.30,acc=21places,no,place_slot_39_already_taken (existing='3:52.41'),running_total=19
WAC 2025 RESULTS.pdf,21,"25 Sansores, Paulina SR UTU 4:43.77 r:+0.66 24.28 27.92 30.96 29.93",result_row,400 IM,women,B,400 IM/women  ft=B,place=25 (raw=25+off=0) time=29.93,acc=21places,yes,,running_total=20
WAC 2025 RESULTS.pdf,21,"40.29 42.32 34.54 33.36 15 Long, Derek SO WYO 3:59.32 2",result_row,400 IM,women,B,400 IM/women  ft=B,place=40 (raw=40+off=0) time=3:59.32,acc=21places,no,place_slot_40_already_taken (existing='3:57.49'),running_total=20
WAC 2025 RESULTS.pdf,21,"26 DeLuca, Mia FR SU 4:53.65 r:+0.66 24.99 27.96 30.46 30.40",result_row,400 IM,women,B,400 IM/women  ft=B,place=26 (raw=26+off=0) time=30.40,acc=21places,yes,,running_total=21
WAC 2025 RESULTS.pdf,21,"40.90 41.54 34.67 33.84 16 Rice, Tucker SO AFA 4:03.62 1",result_row,400 IM,women,B,400 IM/women  ft=B,place=40 (raw=40+off=0) time=4:03.62,acc=21places,no,place_slot_40_already_taken (existing='3:57.49'),running_total=21
WAC 2025 RESULTS.pdf,21,Event 20 Men 400 Yard IM,event_header,400 IM,men,none,400 IM/women  ft=B,FINALIZE(400 IM/women) → OPEN(400 IM/men),acc=11places,no,,ft_in_hdr=None
WAC 2025 RESULTS.pdf,21,Event 20 Men 400 Yard IM,finalize,400 IM,women,B,open=400 IM/women,FINALIZE(400 IM/women) reason=new_hdr:400 IM nplaces=21,acc=21places,no,,"places_so_far=[1, 11, 12, 13, 14, 15, 16, 17]..."
WAC 2025 RESULTS.pdf,21,C - Final,final_type_label,400 IM,men,C,400 IM/men  ft=unknown,ft_label: unknown→C,acc=11places,no,,NOTE: merged_col_label may hide swimmer data on same line
WAC 2025 RESULTS.pdf,21,"17 Koza, Timothy JR GCU 3:57.06",result_row,400 IM,men,C,400 IM/men  ft=C,place=17 (raw=17+off=0) time=3:57.06,acc=11places,yes,,running_total=1
WAC 2025 RESULTS.pdf,21,"18 Wilson, Cole FR AFA 3:58.81",result_row,400 IM,men,C,400 IM/men  ft=C,place=18 (raw=18+off=0) time=3:58.81,acc=11places,yes,,running_total=2
WAC 2025 RESULTS.pdf,21,A - Final r:+0.68 25.07 29.50 30.18 29.94,final_type_label,400 IM,men,A,400 IM/men  ft=C,ft_label: C→A,acc=11places,no,,NOTE: merged_col_label may hide swimmer data on same line
WAC 2025 RESULTS.pdf,21,"1 Swigart, Camden JR AFA 3:46.01 B 33.90 33.92 29.08 27.22",result_row,400 IM,men,A,400 IM/men  ft=A,place=1 (raw=1+off=0) time=27.22,acc=11places,yes,,running_total=3
WAC 2025 RESULTS.pdf,21,"2 Raffel, Colby JR UNLV 3:48.59 B 35.66 36.32 28.51 26.65",result_row,400 IM,men,A,400 IM/men  ft=A,place=2 (raw=2+off=0) time=26.65,acc=11places,yes,,running_total=4
WAC 2025 RESULTS.pdf,21,"3 Ravegum, Andrew SO WYO 3:49.34 B 33.70 34.24 29.51 28.94",result_row,400 IM,men,A,400 IM/men  ft=A,place=3 (raw=3+off=0) time=28.94,acc=11places,yes,,running_total=5
WAC 2025 RESULTS.pdf,21,"4 Flaherty, Liam SO CBU 3:50.52 15 34.57 35.60 29.21 27.20",result_row,400 IM,men,A,400 IM/men  ft=A,place=4 (raw=4+off=0) time=27.20,acc=11places,yes,,running_total=6
WAC 2025 RESULTS.pdf,21,Event 20 Men 400 Yard IM,event_header,400 IM,men,none,400 IM/men  ft=A,FINALIZE(400 IM/men) → OPEN(400 IM/men),acc=11places,no,,ft_in_hdr=None
WAC 2025 RESULTS.pdf,21,"5 Witte, Evan FR AFA 3:50.62 14",result_row,400 IM,men,unknown,400 IM/men  ft=unknown,place=5 (raw=5+off=0) time=3:50.62,acc=11places,yes,,running_total=7
WAC 2025 RESULTS.pdf,21,16.27 16.13 16.11 1:08.82 3:38.37 A Standard,result_row,400 IM,men,unknown,400 IM/men  ft=unknown,place=16 (raw=16+off=0) time=3:38.37,acc=11places,yes,,running_total=8
WAC 2025 RESULTS.pdf,21,"6 Adamson, Kyle SO UNLV 3:52.52 13 3:49.53 B Standard",result_row,400 IM,men,unknown,400 IM/men  ft=unknown,place=6 (raw=6+off=0) time=3:49.53,acc=11places,yes,,running_total=9
WAC 2025 RESULTS.pdf,21,16.58 16.63 16.95 1:11.07 Preliminaries,result_row,400 IM,men,unknown,400 IM/men  ft=unknown,place=16 (raw=16+off=0) time=1:11.07,acc=11places,no,place_slot_16_already_taken (existing='3:38.37'),running_total=9
WAC 2025 RESULTS.pdf,21,"7 Breitbart, Michael SR UNLV 3:54.04 12 1 Swigart, Camden JR AFA 3:49.92 q",result_row,400 IM,men,unknown,400 IM/men  ft=unknown,place=7 (raw=7+off=0) time=3:49.92,acc=11places,yes,,running_total=10
WAC 2025 RESULTS.pdf,21,"8 Campbell, Colin SO GCU 3:56.97 11 2 Breitbart, Michael SR UNLV 3:51.02 q",result_row,400 IM,men,unknown,400 IM/men  ft=unknown,place=8 (raw=8+off=0) time=3:51.02,acc=11places,yes,,running_total=11
WAC 2025 RESULTS.pdf,22,"Preliminaries ... (Event 20 Men 400 Yard IM) --- Koza, Timothy JR GCU X4:01.67",event_header,400 IM,men,none,400 IM/men  ft=unknown,FINALIZE(400 IM/men) → OPEN(400 IM/men),acc=11places,no,,ft_in_hdr=None
WAC 2025 RESULTS.pdf,22,"3 Witte, Evan FR AFA 3:51.52 q 33.05 33.64 29.38 27.63",result_row,400 IM,men,unknown,400 IM/men  ft=unknown,place=3 (raw=3+off=0) time=27.63,acc=11places,no,place_slot_3_already_taken (existing='28.94'),running_total=11
WAC 2025 RESULTS.pdf,22,"4 Raffel, Colby JR UNLV 3:51.71 q 34.59 35.42 30.58 29.58",result_row,400 IM,men,unknown,400 IM/men  ft=unknown,place=4 (raw=4+off=0) time=29.58,acc=11places,no,place_slot_4_already_taken (existing='27.20'),running_total=11
WAC 2025 RESULTS.pdf,22,Event 21 Women 200 Yard Freestyle,event_header,200 Free,women,none,400 IM/men  ft=unknown,FINALIZE(400 IM/men) → OPEN(200 Free/women),acc=26places,no,,ft_in_hdr=None
WAC 2025 RESULTS.pdf,26,Preliminaries ... (Event 23 Women 100 Yard Breaststroke),finalize,100 Breast,women,B,open=100 Breast/women,FINALIZE(100 Breast/women) reason=new_hdr:100 Breast nplaces=17,acc=19places,no,,"places_so_far=[1, 2, 3, 4, 5, 6, 7, 8]..."
WAC 2025 RESULTS.pdf,26,Event 24 Men 100 Yard Breaststroke,finalize,100 Breast,women,unknown,open=100 Breast/women,FINALIZE(100 Breast/women) reason=new_hdr:100 Breast nplaces=17,acc=19places,no,,"places_so_far=[1, 2, 3, 4, 5, 6, 7, 8]..."
WAC 2025 RESULTS.pdf,27,Event 25 Women 100 Yard Backstroke,event_header,100 Back,women,none,100 Breast/men  ft=unknown,FINALIZE(100 Breast/men) → OPEN(100 Back/women),acc=30places,no,,ft_in_hdr=None
WAC 2025 RESULTS.pdf,27,"5 Wilson, Tanner FR AFA 53.25 qB",result_row,100 Back,women,unknown,100 Back/women  ft=unknown,place=5 (raw=5+off=0) time=53.25,acc=30places,yes,,running_total=1
WAC 2025 RESULTS.pdf,27,50.66 A Standard,result_row,100 Back,women,unknown,100 Back/women  ft=unknown,place=50 (raw=50+off=0) time=50.66,acc=30places,yes,,running_total=2
WAC 2025 RESULTS.pdf,27,"6 Rosales, Bridon JR AFA 53.60 q",result_row,100 Back,women,unknown,100 Back/women  ft=unknown,place=6 (raw=6+off=0) time=53.60,acc=30places,yes,,running_total=3
WAC 2025 RESULTS.pdf,27,53.53 B Standard,result_row,100 Back,women,unknown,100 Back/women  ft=unknown,place=53 (raw=53+off=0) time=53.53,acc=30places,yes,,running_total=4
WAC 2025 RESULTS.pdf,27,"7 Houk, Harper 5Y GCU 53.70 q Name Y r School Finals Time",result_row,100 Back,women,unknown,100 Back/women  ft=unknown,place=7 (raw=7+off=0) time=53.70,acc=30places,yes,,running_total=5
WAC 2025 RESULTS.pdf,27,r:+0.67 25.31 28.39 A - Final,final_type_label,100 Back,women,A,100 Back/women  ft=unknown,ft_label: unknown→A,acc=30places,no,,NOTE: merged_col_label may hide swimmer data on same line
WAC 2025 RESULTS.pdf,27,"8 Dooling, Carter JR GCU 54.35 q 1 Dobbins, Emily SO NMSU 54.69 20",result_row,100 Back,women,A,100 Back/women  ft=A,place=8 (raw=8+off=0) time=54.69,acc=30places,yes,,running_total=6
WAC 2025 RESULTS.pdf,27,"9 Mullen, Ian JR CBU 54.82 q 2 Cross, Mary SO UTU 54.99 17",result_row,100 Back,women,A,100 Back/women  ft=A,place=9 (raw=9+off=0) time=54.99,acc=30places,yes,,running_total=7
WAC 2025 RESULTS.pdf,27,"10 Sebastian, Anthony JR AFA 54.86 q 3 Munk, Gracie JR NAU 55.17 16",result_row,100 Back,women,A,100 Back/women  ft=A,place=10 (raw=10+off=0) time=55.17,acc=30places,yes,,running_total=8
WAC 2025 RESULTS.pdf,27,"13 Gonzales, Jaxon SR SU 55.10 q 6 Trionfetti, Martina Yuki SO UNC 55.67 13",result_row,100 Back,women,A,100 Back/women  ft=A,place=13 (raw=13+off=0) time=55.67,acc=30places,yes,,running_total=9
WAC 2025 RESULTS.pdf,27,"14 Headon-Weeks, Nathan FR SU 55.20 q 7 Haskins, Ella SR UI 55.88 12",result_row,100 Back,women,A,100 Back/women  ft=A,place=14 (raw=14+off=0) time=55.88,acc=30places,yes,,running_total=10
WAC 2025 RESULTS.pdf,27,"15 Morales, Joseph FR WYO 55.30 q 8 Reynolds, Nicole JR CBU 56.15 11",result_row,100 Back,women,A,100 Back/women  ft=A,place=15 (raw=15+off=0) time=56.15,acc=30places,yes,,running_total=11
WAC 2025 RESULTS.pdf,27,"16 Orloff, Griffith SO WYO 55.53 q B - Final",final_type_label,100 Back,women,B,100 Back/women  ft=A,ft_label: A→B,acc=30places,no,,NOTE: merged_col_label may hide swimmer data on same line
WAC 2025 RESULTS.pdf,27,"17 Robinson, Morgan SO SU 56.44 q 26.76 28.41",result_row,100 Back,women,B,100 Back/women  ft=B,place=17 (raw=17+off=0) time=28.41,acc=30places,yes,,running_total=12
WAC 2025 RESULTS.pdf,27,"18 Imig, Nicholas SU 56.71 q 26.59 28.58",result_row,100 Back,women,B,100 Back/women  ft=B,place=18 (raw=18+off=0) time=28.58,acc=30places,yes,,running_total=13
WAC 2025 RESULTS.pdf,28,"B - Final ... (Event 25 Women 100 Yard Backstroke) 12 Connors, Kathryn JR CBU 56.02 q",event_header,100 Back,women,B,100 Back/women  ft=B,FINALIZE(100 Back/women) → OPEN(100 Back/women),acc=30places,no,,ft_in_hdr=B
WAC 2025 RESULTS.pdf,28,"B - Final ... (Event 25 Women 100 Yard Backstroke) 12 Connors, Kathryn JR CBU 56.02 q",finalize,100 Back,women,B,open=100 Back/women,FINALIZE(100 Back/women) reason=new_hdr:100 Back nplaces=13,acc=30places,no,,"places_so_far=[5, 6, 7, 8, 9, 10, 13, 14]..."
WAC 2025 RESULTS.pdf,28,"14 Hazan, Reese SR UNC 56.04 3 *13 Dellwardt, Jamie SR NAU 56.04 q",result_row,100 Back,women,B,100 Back/women  ft=B,place=14 (raw=14+off=0) time=56.04,acc=30places,no,place_slot_14_already_taken (existing='55.88'),running_total=13
WAC 2025 RESULTS.pdf,28,"15 Puhalski, Jamie JR NMSU 56.06 2 *13 Puhalski, Jamie JR NMSU 56.04 q",result_row,100 Back,women,B,100 Back/women  ft=B,place=15 (raw=15+off=0) time=56.04,acc=30places,no,place_slot_15_already_taken (existing='56.15'),running_total=13
WAC 2025 RESULTS.pdf,28,"16 Masselink, Thea JR NMSU 56.11 1 15 Hazan, Reese SR UNC 56.13 q",result_row,100 Back,women,B,100 Back/women  ft=B,place=16 (raw=16+off=0) time=56.13,acc=30places,yes,,running_total=14
WAC 2025 RESULTS.pdf,28,"C - Final 16 Masselink, Thea JR NMSU 56.25 q",final_type_label,100 Back,women,C,100 Back/women  ft=B,ft_label: B→C,acc=30places,no,,NOTE: merged_col_label may hide swimmer data on same line
WAC 2025 RESULTS.pdf,28,"17 Benson, Grace SO UTU 55.87 27.32 28.93",result_row,100 Back,women,C,100 Back/women  ft=C,place=17 (raw=17+off=0) time=28.93,acc=30places,no,place_slot_17_already_taken (existing='28.41'),running_total=14
WAC 2025 RESULTS.pdf,28,"27.09 28.78 17 Brownell, Kira JR NMSU 56.30 q",result_row,100 Back,women,C,100 Back/women  ft=C,place=27 (raw=27+off=0) time=56.30,acc=30places,yes,,running_total=15
WAC 2025 RESULTS.pdf,28,"18 Antonetz, Sloane SO UNC 56.47 26.94 29.36",result_row,100 Back,women,C,100 Back/women  ft=C,place=18 (raw=18+off=0) time=29.36,acc=30places,no,place_slot_18_already_taken (existing='28.58'),running_total=15
WAC 2025 RESULTS.pdf,28,"27.67 28.80 18 Bernier, Ariane FR UNC 56.49 q",result_row,100 Back,women,C,100 Back/women  ft=C,place=27 (raw=27+off=0) time=56.49,acc=30places,no,place_slot_27_already_taken (existing='56.30'),running_total=15
WAC 2025 RESULTS.pdf,28,"19 Hyde, Catherine SO UI 56.59 27.87 28.62",result_row,100 Back,women,C,100 Back/women  ft=C,place=19 (raw=19+off=0) time=28.62,acc=30places,yes,,running_total=16
WAC 2025 RESULTS.pdf,28,"27.44 29.15 19 Antonetz, Sloane SO UNC 56.66 q",result_row,100 Back,women,C,100 Back/women  ft=C,place=27 (raw=27+off=0) time=56.66,acc=30places,no,place_slot_27_already_taken (existing='56.30'),running_total=16
WAC 2025 RESULTS.pdf,28,"27.79 29.05 20 Benson, Grace SO UTU 56.69 q",result_row,100 Back,women,C,100 Back/women  ft=C,place=27 (raw=27+off=0) time=56.69,acc=30places,no,place_slot_27_already_taken (existing='56.30'),running_total=16
WAC 2025 RESULTS.pdf,28,"22 Gott, Bailey SO GCU 56.98 27.69 29.33",result_row,100 Back,women,C,100 Back/women  ft=C,place=22 (raw=22+off=0) time=29.33,acc=30places,yes,,running_total=17
WAC 2025 RESULTS.pdf,28,"27.59 29.39 22 Van Zee, Kate FR GCU 57.48 q",result_row,100 Back,women,C,100 Back/women  ft=C,place=27 (raw=27+off=0) time=57.48,acc=30places,no,place_slot_27_already_taken (existing='56.30'),running_total=17
WAC 2025 RESULTS.pdf,28,"23 Uren, Anna FR NMSU 57.51 27.33 30.15",result_row,100 Back,women,C,100 Back/women  ft=C,place=23 (raw=23+off=0) time=30.15,acc=30places,yes,,running_total=18
WAC 2025 RESULTS.pdf,28,"27.74 29.77 23 Cannon, Danielle FR UTU 57.70 q",result_row,100 Back,women,C,100 Back/women  ft=C,place=27 (raw=27+off=0) time=57.70,acc=30places,no,place_slot_27_already_taken (existing='56.30'),running_total=18
WAC 2025 RESULTS.pdf,28,"24 McRoberts, Adelaide FR UI 57.79 28.19 29.51",result_row,100 Back,women,C,100 Back/women  ft=C,place=24 (raw=24+off=0) time=29.51,acc=30places,yes,,running_total=19
WAC 2025 RESULTS.pdf,28,Event 25 Women 100 Yard Backstroke,event_header,100 Back,women,none,100 Back/women  ft=C,FINALIZE(100 Back/women) → OPEN(100 Back/women),acc=30places,no,,ft_in_hdr=None
WAC 2025 RESULTS.pdf,28,Event 25 Women 100 Yard Backstroke,finalize,100 Back,women,C,open=100 Back/women,FINALIZE(100 Back/women) reason=new_hdr:100 Back nplaces=19,acc=30places,no,,"places_so_far=[5, 6, 7, 8, 9, 10, 13, 14]..."
WAC 2025 RESULTS.pdf,28,"25 Krasht, Isahbel NAU 58.14",result_row,100 Back,women,unknown,100 Back/women  ft=unknown,place=25 (raw=25+off=0) time=58.14,acc=30places,yes,,running_total=20
WAC 2025 RESULTS.pdf,28,"26 Cheng, Aubrey SR SU 58.27",result_row,100 Back,women,unknown,100 Back/women  ft=unknown,place=26 (raw=26+off=0) time=58.27,acc=30places,yes,,running_total=21
WAC 2025 RESULTS.pdf,28,50.66 A Standard,result_row,100 Back,women,unknown,100 Back/women  ft=unknown,place=50 (raw=50+off=0) time=50.66,acc=30places,no,place_slot_50_already_taken (existing='50.66'),running_total=21
WAC 2025 RESULTS.pdf,28,53.53 B Standard,result_row,100 Back,women,unknown,100 Back/women  ft=unknown,place=53 (raw=53+off=0) time=53.53,acc=30places,no,place_slot_53_already_taken (existing='53.53'),running_total=21
WAC 2025 RESULTS.pdf,28,"27 Wieber, Andersen FR UI 58.35",result_row,100 Back,women,unknown,100 Back/women  ft=unknown,place=27 (raw=27+off=0) time=58.35,acc=30places,no,place_slot_27_already_taken (existing='56.30'),running_total=21
WAC 2025 RESULTS.pdf,28,"1 Dobbins, Emily SO NMSU 54.83 q",result_row,100 Back,women,unknown,100 Back/women  ft=unknown,place=1 (raw=1+off=0) time=54.83,acc=30places,yes,,running_total=22
WAC 2025 RESULTS.pdf,28,"26.66 28.17 29 Magnuson, Molly FR SU 59.52",result_row,100 Back,women,unknown,100 Back/women  ft=unknown,place=26 (raw=26+off=0) time=59.52,acc=30places,no,place_slot_26_already_taken (existing='58.27'),running_total=22
WAC 2025 RESULTS.pdf,28,"2 Trionfetti, Martina Yuki SO UNC 54.95 q",result_row,100 Back,women,unknown,100 Back/women  ft=unknown,place=2 (raw=2+off=0) time=54.95,acc=30places,yes,,running_total=23
WAC 2025 RESULTS.pdf,28,"26.56 28.39 30 Carroll, Ailidh JR SU 59.82",result_row,100 Back,women,unknown,100 Back/women  ft=unknown,place=26 (raw=26+off=0) time=59.82,acc=30places,no,place_slot_26_already_taken (existing='58.27'),running_total=23
WAC 2025 RESULTS.pdf,28,"3 Munk, Gracie JR NAU 55.22 q",result_row,100 Back,women,unknown,100 Back/women  ft=unknown,place=3 (raw=3+off=0) time=55.22,acc=30places,yes,,running_total=24
WAC 2025 RESULTS.pdf,28,"26.71 28.51 31 Garcia-Rivas, Hailey SO UTRGV 1:03.66",result_row,100 Back,women,unknown,100 Back/women  ft=unknown,place=26 (raw=26+off=0) time=1:03.66,acc=30places,no,place_slot_26_already_taken (existing='58.27'),running_total=24
WAC 2025 RESULTS.pdf,28,"4 Haskins, Ella SR UI 55.27 q",result_row,100 Back,women,unknown,100 Back/women  ft=unknown,place=4 (raw=4+off=0) time=55.27,acc=30places,yes,,running_total=25
WAC 2025 RESULTS.pdf,28,"26.76 28.51 32 Uribe, Lauren FR UTRGV 1:10.89",result_row,100 Back,women,unknown,100 Back/women  ft=unknown,place=26 (raw=26+off=0) time=1:10.89,acc=30places,no,place_slot_26_already_taken (existing='58.27'),running_total=25
WAC 2025 RESULTS.pdf,28,"5 Reynolds, Nicole JR CBU 55.32 q",result_row,100 Back,women,unknown,100 Back/women  ft=unknown,place=5 (raw=5+off=0) time=55.32,acc=30places,no,place_slot_5_already_taken (existing='53.25'),running_total=25
WAC 2025 RESULTS.pdf,28,"26.56 28.76 --- Hyde, Catherine SO UI X57.19",result_row,100 Back,women,unknown,100 Back/women  ft=unknown,place=26 (raw=26+off=0) time=57.19,acc=30places,no,place_slot_26_already_taken (existing='58.27'),running_total=25
WAC 2025 RESULTS.pdf,28,"6 Martinez, Paula JR GCU 55.37 q",result_row,100 Back,women,unknown,100 Back/women  ft=unknown,place=6 (raw=6+off=0) time=55.37,acc=30places,no,place_slot_6_already_taken (existing='53.60'),running_total=25
WAC 2025 RESULTS.pdf,28,"26.62 28.75 --- Uren, Anna FR NMSU X57.38",result_row,100 Back,women,unknown,100 Back/women  ft=unknown,place=26 (raw=26+off=0) time=57.38,acc=30places,no,place_slot_26_already_taken (existing='58.27'),running_total=25
WAC 2025 RESULTS.pdf,28,"7 Cross, Mary SO UTU 55.44 q",result_row,100 Back,women,unknown,100 Back/women  ft=unknown,place=7 (raw=7+off=0) time=55.44,acc=30places,no,place_slot_7_already_taken (existing='53.70'),running_total=25
WAC 2025 RESULTS.pdf,28,"8 Genson, Lydia SR SU 55.49 q",result_row,100 Back,women,unknown,100 Back/women  ft=unknown,place=8 (raw=8+off=0) time=55.49,acc=30places,no,place_slot_8_already_taken (existing='54.69'),running_total=25
WAC 2025 RESULTS.pdf,28,"26.83 28.66 --- Smith, Kourtney SO GCU X58.67",result_row,100 Back,women,unknown,100 Back/women  ft=unknown,place=26 (raw=26+off=0) time=58.67,acc=30places,no,place_slot_26_already_taken (existing='58.27'),running_total=25
WAC 2025 RESULTS.pdf,28,"9 Guasp, Marta JR GCU 55.51 q 28.87 29.80",result_row,100 Back,women,unknown,100 Back/women  ft=unknown,place=9 (raw=9+off=0) time=29.80,acc=30places,no,place_slot_9_already_taken (existing='54.99'),running_total=25
WAC 2025 RESULTS.pdf,28,"26.93 28.58 --- Powell, Lily FR NAU X58.85",result_row,100 Back,women,unknown,100 Back/women  ft=unknown,place=26 (raw=26+off=0) time=58.85,acc=30places,no,place_slot_26_already_taken (existing='58.27'),running_total=25
WAC 2025 RESULTS.pdf,28,"10 Walton, Olivia SO CBU 55.53 q 28.68 30.17",result_row,100 Back,women,unknown,100 Back/women  ft=unknown,place=10 (raw=10+off=0) time=30.17,acc=30places,no,place_slot_10_already_taken (existing='55.17'),running_total=25
WAC 2025 RESULTS.pdf,28,"26.76 28.77 --- Qualman, Grace SO UI X58.94",result_row,100 Back,women,unknown,100 Back/women  ft=unknown,place=26 (raw=26+off=0) time=58.94,acc=30places,no,place_slot_26_already_taken (existing='58.27'),running_total=25
WAC 2025 RESULTS.pdf,28,"11 Foley, Kathryn SO UI 55.76 q r:+1.00 27.37 31.57",result_row,100 Back,women,unknown,100 Back/women  ft=unknown,place=11 (raw=11+off=0) time=31.57,acc=30places,yes,,running_total=26
WAC 2025 RESULTS.pdf,29,"Preliminaries ... (Event 25 Women 100 Yard Backstroke) 16 Kennedy, Garrett SO AFA 49.08 1",event_header,100 Back,women,none,100 Back/women  ft=unknown,FINALIZE(100 Back/women) → OPEN(100 Back/women),acc=30places,no,,ft_in_hdr=None
WAC 2025 RESULTS.pdf,29,"Preliminaries ... (Event 25 Women 100 Yard Backstroke) 16 Kennedy, Garrett SO AFA 49.08 1",finalize,100 Back,women,unknown,open=100 Back/women,FINALIZE(100 Back/women) reason=new_hdr:100 Back nplaces=26,acc=30places,no,,"places_so_far=[1, 2, 3, 4, 5, 6, 7, 8]..."
WAC 2025 RESULTS.pdf,29,"--- Cervantes-Vanderlugt, Elizabeth SR NMSU X59.54 C - Final",final_type_label,100 Back,women,C,100 Back/women  ft=unknown,ft_label: unknown→C,acc=30places,no,,NOTE: merged_col_label may hide swimmer data on same line
WAC 2025 RESULTS.pdf,29,"28.49 31.05 17 Havenhill, Asher SO GCU 48.62",result_row,100 Back,women,C,100 Back/women  ft=C,place=28 (raw=28+off=0) time=48.62,acc=30places,yes,,running_total=27
WAC 2025 RESULTS.pdf,29,"29.06 30.74 18 Knox, Cameron SO WYO 49.60",result_row,100 Back,women,C,100 Back/women  ft=C,place=29 (raw=29+off=0) time=49.60,acc=30places,yes,,running_total=28
WAC 2025 RESULTS.pdf,29,"28.37 31.59 19 Chadderdon, Kellan 5Y WYO 49.88",result_row,100 Back,women,C,100 Back/women  ft=C,place=28 (raw=28+off=0) time=49.88,acc=30places,no,place_slot_28_already_taken (existing='48.62'),running_total=28
WAC 2025 RESULTS.pdf,29,"29.98 31.88 21 Thomure, Eric SR SU 50.92",result_row,100 Back,women,C,100 Back/women  ft=C,place=29 (raw=29+off=0) time=50.92,acc=30places,no,place_slot_29_already_taken (existing='49.60'),running_total=28
WAC 2025 RESULTS.pdf,29,"30.28 32.02 22 Cesmat, Ryan SO SU 51.18",result_row,100 Back,women,C,100 Back/women  ft=C,place=30 (raw=30+off=0) time=51.18,acc=30places,yes,,running_total=29
WAC 2025 RESULTS.pdf,29,"35.32 36.72 23 Bulseco, Jacob JR AFA 51.34",result_row,100 Back,women,C,100 Back/women  ft=C,place=35 (raw=35+off=0) time=51.34,acc=30places,yes,,running_total=30
WAC 2025 RESULTS.pdf,29,Event 26 Men 100 Yard Backstroke,event_header,100 Back,men,none,100 Back/women  ft=C,FINALIZE(100 Back/women) → OPEN(100 Back/men),acc=29places,no,,ft_in_hdr=None
WAC 2025 RESULTS.pdf,29,Event 26 Men 100 Yard Backstroke,finalize,100 Back,women,C,open=100 Back/women,FINALIZE(100 Back/women) reason=new_hdr:100 Back nplaces=30,acc=30places,no,,"places_so_far=[1, 2, 3, 4, 5, 6, 7, 8]..."
WAC 2025 RESULTS.pdf,29,"24 Taylor, Kaiu FR SU 51.65",result_row,100 Back,men,unknown,100 Back/men  ft=unknown,place=24 (raw=24+off=0) time=51.65,acc=29places,yes,,running_total=1
WAC 2025 RESULTS.pdf,29,44.48 A Standard Event 26 Men 100 Yard Backstroke,result_row,100 Back,men,unknown,100 Back/men  ft=unknown,place=44 (raw=44+off=0) time=44.48,acc=29places,yes,,running_total=2
WAC 2025 RESULTS.pdf,29,47.16 B Standard WAC: 44.33 # 3/29/2019 Mark Nikolaev,result_row,100 Back,men,unknown,100 Back/men  ft=unknown,place=47 (raw=47+off=0) time=44.33,acc=29places,yes,,running_total=3
WAC 2025 RESULTS.pdf,29,44.48 A Standard,result_row,100 Back,men,unknown,100 Back/men  ft=unknown,place=44 (raw=44+off=0) time=44.48,acc=29places,no,place_slot_44_already_taken (existing='44.48'),running_total=3
WAC 2025 RESULTS.pdf,29,A - Final,final_type_label,100 Back,men,A,100 Back/men  ft=unknown,ft_label: unknown→A,acc=29places,no,,NOTE: merged_col_label may hide swimmer data on same line
WAC 2025 RESULTS.pdf,29,"1 Fabiani, Remi JR CBU 45.40 B 47.16 B Standard",result_row,100 Back,men,A,100 Back/men  ft=A,place=1 (raw=1+off=0) time=47.16,acc=29places,yes,,running_total=4
WAC 2025 RESULTS.pdf,29,21.64 23.76 Name Y r School Prelim Time,result_row,100 Back,men,A,100 Back/men  ft=A,place=21 (raw=21+off=0) time=23.76,acc=29places,yes,,running_total=5
WAC 2025 RESULTS.pdf,29,"2 Volkov, Alex JR GCU 45.98 B Preliminaries",result_row,100 Back,men,A,100 Back/men  ft=A,place=2 (raw=2+off=0) time=45.98,acc=29places,yes,,running_total=6
WAC 2025 RESULTS.pdf,29,"21.66 24.32 1 Volkov, Alex JR GCU 45.80 qB",result_row,100 Back,men,A,100 Back/men  ft=A,place=21 (raw=21+off=0) time=45.80,acc=29places,no,place_slot_21_already_taken (existing='23.76'),running_total=6
WAC 2025 RESULTS.pdf,29,"3 Kvederis, Danielis SO SU 46.68 B 21.83 23.97",result_row,100 Back,men,A,100 Back/men  ft=A,place=3 (raw=3+off=0) time=23.97,acc=29places,yes,,running_total=7
WAC 2025 RESULTS.pdf,29,"22.65 24.03 2 Potgieter, Wikus SO UNLV 47.01 qB",result_row,100 Back,men,A,100 Back/men  ft=A,place=22 (raw=22+off=0) time=47.01,acc=29places,yes,,running_total=8
WAC 2025 RESULTS.pdf,29,"4 Potgieter, Wikus SO UNLV 47.18 15 22.68 24.33",result_row,100 Back,men,A,100 Back/men  ft=A,place=4 (raw=4+off=0) time=24.33,acc=29places,yes,,running_total=9
WAC 2025 RESULTS.pdf,29,"22.44 24.74 3 Kvederis, Danielis SO SU 47.12 qB",result_row,100 Back,men,A,100 Back/men  ft=A,place=22 (raw=22+off=0) time=47.12,acc=29places,no,place_slot_22_already_taken (existing='47.01'),running_total=9
WAC 2025 RESULTS.pdf,29,"5 Teh, Andrew SO CBU 47.35 14 22.83 24.29",result_row,100 Back,men,A,100 Back/men  ft=A,place=5 (raw=5+off=0) time=24.29,acc=29places,yes,,running_total=10
WAC 2025 RESULTS.pdf,29,"22.96 24.39 4 Fabiani, Remi JR CBU 47.34 q",result_row,100 Back,men,A,100 Back/men  ft=A,place=22 (raw=22+off=0) time=47.34,acc=29places,no,place_slot_22_already_taken (existing='47.01'),running_total=10
WAC 2025 RESULTS.pdf,29,"6 Volkov, Daniel JR GCU 48.00 13 22.59 24.75",result_row,100 Back,men,A,100 Back/men  ft=A,place=6 (raw=6+off=0) time=24.75,acc=29places,yes,,running_total=11
WAC 2025 RESULTS.pdf,29,"23.13 24.87 5 Welch, Justin CBU 47.84 q",result_row,100 Back,men,A,100 Back/men  ft=A,place=23 (raw=23+off=0) time=47.84,acc=29places,yes,,running_total=12
WAC 2025 RESULTS.pdf,29,"7 Welch, Justin CBU 48.31 12 23.26 24.58",result_row,100 Back,men,A,100 Back/men  ft=A,place=7 (raw=7+off=0) time=24.58,acc=29places,yes,,running_total=13
WAC 2025 RESULTS.pdf,29,"8 Body, Louis JR AFA 48.41 11 23.06 24.84",result_row,100 Back,men,A,100 Back/men  ft=A,place=8 (raw=8+off=0) time=24.84,acc=29places,yes,,running_total=14
WAC 2025 RESULTS.pdf,29,B - Final 22.73 25.23,final_type_label,100 Back,men,B,100 Back/men  ft=A,ft_label: A→B,acc=29places,no,,NOTE: merged_col_label may hide swimmer data on same line
WAC 2025 RESULTS.pdf,29,"9 Inoue, Tatsuki SR UNLV 48.35 9 8 Body, Louis JR AFA 48.60 q",result_row,100 Back,men,B,100 Back/men  ft=B,place=9 (raw=9+off=0) time=48.60,acc=29places,yes,,running_total=15
WAC 2025 RESULTS.pdf,29,"10 Wanat, Grzegorz JR GCU 48.54 7 9 Rinkenberger, Simeon SR CBU 48.69 q",result_row,100 Back,men,B,100 Back/men  ft=B,place=10 (raw=10+off=0) time=48.69,acc=29places,yes,,running_total=16
WAC 2025 RESULTS.pdf,29,"11 Rinkenberger, Simeon SR CBU 48.60 6 *10 Synnott, Mathias SO SU 48.86 q",result_row,100 Back,men,B,100 Back/men  ft=B,place=11 (raw=11+off=0) time=48.86,acc=29places,yes,,running_total=17
WAC 2025 RESULTS.pdf,29,"12 Jennings, Samuel SR GCU 48.70 5 *10 Mickelson, McKay 5Y UNLV 48.86 q",result_row,100 Back,men,B,100 Back/men  ft=B,place=12 (raw=12+off=0) time=48.86,acc=29places,yes,,running_total=18
WAC 2025 RESULTS.pdf,29,"13 Mickelson, McKay 5Y UNLV 48.75 4 12 Jennings, Samuel SR GCU 48.93 q",result_row,100 Back,men,B,100 Back/men  ft=B,place=13 (raw=13+off=0) time=48.93,acc=29places,yes,,running_total=19
WAC 2025 RESULTS.pdf,29,"14 Davis, Collin JR WYO 48.89 3 13 Wanat, Grzegorz JR GCU 48.98 q",result_row,100 Back,men,B,100 Back/men  ft=B,place=14 (raw=14+off=0) time=48.98,acc=29places,yes,,running_total=20
WAC 2025 RESULTS.pdf,29,"15 Synnott, Mathias SO SU 49.06 2 14 Davis, Collin JR WYO 49.15 q",result_row,100 Back,men,B,100 Back/men  ft=B,place=15 (raw=15+off=0) time=49.15,acc=29places,yes,,running_total=21
WAC 2025 RESULTS.pdf,30,Preliminaries ... (Event 26 Men 100 Yard Backstroke),event_header,100 Back,men,none,100 Back/men  ft=B,FINALIZE(100 Back/men) → OPEN(100 Back/men),acc=29places,no,,ft_in_hdr=None
WAC 2025 RESULTS.pdf,30,"15 Kennedy, Garrett SO AFA 49.19 q",result_row,100 Back,men,unknown,100 Back/men  ft=unknown,place=15 (raw=15+off=0) time=49.19,acc=29places,no,place_slot_15_already_taken (existing='49.15'),running_total=21
WAC 2025 RESULTS.pdf,30,"16 Inoue, Tatsuki SR UNLV 49.26 q",result_row,100 Back,men,unknown,100 Back/men  ft=unknown,place=16 (raw=16+off=0) time=49.26,acc=29places,yes,,running_total=22
WAC 2025 RESULTS.pdf,30,"1 Devia, Catalina FR NAU 242.35 q",result_row,100 Back,men,unknown,100 Back/men  ft=unknown,place=1 (raw=1+off=0) time=242.35,acc=29places,no,place_slot_1_already_taken (existing='47.16'),running_total=22
WAC 2025 RESULTS.pdf,30,"17 Chadderdon, Kellan 5Y WYO 49.55 q",result_row,100 Back,men,unknown,100 Back/men  ft=unknown,place=17 (raw=17+off=0) time=49.55,acc=29places,yes,,running_total=23
WAC 2025 RESULTS.pdf,30,"2 Wesche, Grace JR NAU 238.85 q",result_row,100 Back,men,unknown,100 Back/men  ft=unknown,place=2 (raw=2+off=0) time=238.85,acc=29places,no,place_slot_2_already_taken (existing='45.98'),running_total=23
WAC 2025 RESULTS.pdf,30,"3 Thordarson-Wehner, Audrey SO CBU 233.50 q",result_row,100 Back,men,unknown,100 Back/men  ft=unknown,place=3 (raw=3+off=0) time=233.50,acc=29places,no,place_slot_3_already_taken (existing='23.97'),running_total=23
WAC 2025 RESULTS.pdf,30,"18 Knox, Cameron SO WYO 49.60 q",result_row,100 Back,men,unknown,100 Back/men  ft=unknown,place=18 (raw=18+off=0) time=49.60,acc=29places,yes,,running_total=24
WAC 2025 RESULTS.pdf,30,"4 Easter, Audrey JR CBU 228.95 q",result_row,100 Back,men,unknown,100 Back/men  ft=unknown,place=4 (raw=4+off=0) time=228.95,acc=29places,no,place_slot_4_already_taken (existing='24.33'),running_total=24
WAC 2025 RESULTS.pdf,30,"5 Tinani, Mira SO NMSU 224.60 q",result_row,100 Back,men,unknown,100 Back/men  ft=unknown,place=5 (raw=5+off=0) time=224.60,acc=29places,no,place_slot_5_already_taken (existing='24.29'),running_total=24
WAC 2025 RESULTS.pdf,30,"19 Havenhill, Asher SO GCU 49.66 q",result_row,100 Back,men,unknown,100 Back/men  ft=unknown,place=19 (raw=19+off=0) time=49.66,acc=29places,yes,,running_total=25
WAC 2025 RESULTS.pdf,30,"6 Bak, Shiori SR GCU 214.10 q",result_row,100 Back,men,unknown,100 Back/men  ft=unknown,place=6 (raw=6+off=0) time=214.10,acc=29places,no,place_slot_6_already_taken (existing='24.75'),running_total=25
WAC 2025 RESULTS.pdf,30,"7 Stocker, Mackenna JR NAU 211.60 q",result_row,100 Back,men,unknown,100 Back/men  ft=unknown,place=7 (raw=7+off=0) time=211.60,acc=29places,no,place_slot_7_already_taken (existing='24.58'),running_total=25
WAC 2025 RESULTS.pdf,30,"20 Mohamady, Mohamed JR GCU 49.71 q",result_row,100 Back,men,unknown,100 Back/men  ft=unknown,place=20 (raw=20+off=0) time=49.71,acc=29places,yes,,running_total=26
WAC 2025 RESULTS.pdf,30,"8 Wesche, Margaret JR NAU 208.25 q",result_row,100 Back,men,unknown,100 Back/men  ft=unknown,place=8 (raw=8+off=0) time=208.25,acc=29places,no,place_slot_8_already_taken (existing='24.84'),running_total=26
WAC 2025 RESULTS.pdf,30,"9 Marquez, Kendall SR NAU 198.75 q",result_row,100 Back,men,unknown,100 Back/men  ft=unknown,place=9 (raw=9+off=0) time=198.75,acc=29places,no,place_slot_9_already_taken (existing='48.60'),running_total=26
WAC 2025 RESULTS.pdf,30,"21 Bulseco, Jacob JR AFA 50.67 q",result_row,100 Back,men,unknown,100 Back/men  ft=unknown,place=21 (raw=21+off=0) time=50.67,acc=29places,no,place_slot_21_already_taken (existing='23.76'),running_total=26
WAC 2025 RESULTS.pdf,30,"10 Fontenelle, Jade SO CBU 186.45 q",result_row,100 Back,men,unknown,100 Back/men  ft=unknown,place=10 (raw=10+off=0) time=186.45,acc=29places,no,place_slot_10_already_taken (existing='48.69'),running_total=26
WAC 2025 RESULTS.pdf,30,"24.40 26.67 12 Knapp, Victoria GS NAU 180.20 q",result_row,100 Back,men,unknown,100 Back/men  ft=unknown,place=24 (raw=24+off=0) time=180.20,acc=29places,no,place_slot_24_already_taken (existing='51.65'),running_total=26
WAC 2025 RESULTS.pdf,30,"30.53 32.72 20 Pink, Abigail FR UI 138.90",result_row,100 Back,men,unknown,100 Back/men  ft=unknown,place=30 (raw=30+off=0) time=138.90,acc=29places,yes,,running_total=27
WAC 2025 RESULTS.pdf,30,"21 Murphy, Delaney JR UTRGV 138.60",result_row,100 Back,men,unknown,100 Back/men  ft=unknown,place=21 (raw=21+off=0) time=138.60,acc=29places,no,place_slot_21_already_taken (existing='23.76'),running_total=27
WAC 2025 RESULTS.pdf,30,"22 Blackmer, Kaitlyn FR UI 137.25",result_row,100 Back,men,unknown,100 Back/men  ft=unknown,place=22 (raw=22+off=0) time=137.25,acc=29places,no,place_slot_22_already_taken (existing='47.01'),running_total=27
WAC 2025 RESULTS.pdf,30,"23 Ruiz, Mireya FR UNC 135.35",result_row,100 Back,men,unknown,100 Back/men  ft=unknown,place=23 (raw=23+off=0) time=135.35,acc=29places,no,place_slot_23_already_taken (existing='47.84'),running_total=27
WAC 2025 RESULTS.pdf,30,A - Final,final_type_label,100 Back,men,A,100 Back/men  ft=unknown,ft_label: unknown→A,acc=29places,no,,NOTE: merged_col_label may hide swimmer data on same line
WAC 2025 RESULTS.pdf,30,"1 Thordarson-Wehner, Audrey SO CBU 281.05 20 Event 28 Women 400 Yard Medley Relay",result_row,100 Back,men,A,100 Back/men  ft=A,place=1 (raw=1+off=0) time=281.05,acc=29places,no,place_slot_1_already_taken (existing='47.16'),running_total=27
WAC 2025 RESULTS.pdf,30,"2 Tinani, Mira SO NMSU 239.45 17 WAC: 3:35.42 # 3/18/1999 Southern Methodist University",result_row,100 Back,men,A,100 Back/men  ft=A,place=2 (raw=2+off=0) time=3:35.42,acc=29places,no,place_slot_2_already_taken (existing='45.98'),running_total=27
WAC 2025 RESULTS.pdf,30,"3 Easter, Audrey JR CBU 238.20 16 WAC Champs: 3:37.88 R 2/25/2011 Boise State",result_row,100 Back,men,A,100 Back/men  ft=A,place=3 (raw=3+off=0) time=3:37.88,acc=29places,no,place_slot_3_already_taken (existing='23.97'),running_total=27
WAC 2025 RESULTS.pdf,30,"4 Wesche, Margaret JR NAU 232.15 15 3:30.89 A Standard",result_row,100 Back,men,A,100 Back/men  ft=A,place=4 (raw=4+off=0) time=3:30.89,acc=29places,no,place_slot_4_already_taken (existing='24.33'),running_total=27
WAC 2025 RESULTS.pdf,30,"5 Wesche, Grace JR NAU 228.25 14 3:32.88 B Standard",result_row,100 Back,men,A,100 Back/men  ft=A,place=5 (raw=5+off=0) time=3:32.88,acc=29places,no,place_slot_5_already_taken (existing='24.29'),running_total=27
WAC 2025 RESULTS.pdf,30,"6 Devia, Catalina FR NAU 222.50 13 Team R elay Finals Time",result_row,100 Back,men,A,100 Back/men  ft=A,place=6 (raw=6+off=0) time=222.50,acc=29places,no,place_slot_6_already_taken (existing='24.75'),running_total=27
WAC 2025 RESULTS.pdf,30,"7 Bak, Shiori SR GCU 221.60 12 1 GCU 3:38.50 40",result_row,100 Back,men,A,100 Back/men  ft=A,place=7 (raw=7+off=0) time=3:38.50,acc=29places,no,place_slot_7_already_taken (existing='24.58'),running_total=27
WAC 2025 RESULTS.pdf,30,"8 Stocker, Mackenna JR NAU 210.75 11 1) Guasp, Marta JR 2) r:0.25 Nakashima, Raphaela 5Y",result_row,100 Back,men,A,100 Back/men  ft=A,place=8 (raw=8+off=0) time=210.75,acc=29places,no,place_slot_8_already_taken (existing='24.84'),running_total=27
WAC 2025 RESULTS.pdf,30,"B - Final 3) r:0.33 Martinez, Paula JR 4) r:-0.21 Brunlehner, Maria SR",final_type_label,100 Back,men,B,100 Back/men  ft=A,ft_label: A→B,acc=29places,no,,NOTE: merged_col_label may hide swimmer data on same line
WAC 2025 RESULTS.pdf,30,"9 Reynolds, Bella JR CBU 215.15 9 r:+0.98 26.65 55.18 28.42 1:00.77",result_row,100 Back,men,B,100 Back/men  ft=B,place=9 (raw=9+off=0) time=1:00.77,acc=29places,no,place_slot_9_already_taken (existing='48.60'),running_total=27
WAC 2025 RESULTS.pdf,30,"10 Knapp, Victoria GS NAU 195.40 7 25.01 53.68 23.15 48.87",result_row,100 Back,men,B,100 Back/men  ft=B,place=10 (raw=10+off=0) time=48.87,acc=29places,no,place_slot_10_already_taken (existing='48.69'),running_total=27
WAC 2025 RESULTS.pdf,30,"11 Neighbor, Lacey SO GCU 190.30 6 2 UNC 3:41.17 34",result_row,100 Back,men,B,100 Back/men  ft=B,place=11 (raw=11+off=0) time=3:41.17,acc=29places,no,place_slot_11_already_taken (existing='48.86'),running_total=27
WAC 2025 RESULTS.pdf,30,"12 Fontenelle, Jade SO CBU 184.50 5 1) Hazan, Reese SR 2) r:0.35 Ingolfsdottir, Birgitta FR",result_row,100 Back,men,B,100 Back/men  ft=B,place=12 (raw=12+off=0) time=184.50,acc=29places,no,place_slot_12_already_taken (existing='48.86'),running_total=27
WAC 2025 RESULTS.pdf,30,"13 Marquez, Kendall SR NAU 169.05 4 3) r:0.34 Lombardi, Ellyson SO 4) r:-0.45 Rabess, Kyra SO",result_row,100 Back,men,B,100 Back/men  ft=B,place=13 (raw=13+off=0) time=169.05,acc=29places,no,place_slot_13_already_taken (existing='48.93'),running_total=27
WAC 2025 RESULTS.pdf,30,"14 Bull, Hailey Cate FR GCU 168.70 3 27.02 56.17 28.62 1:01.51",result_row,100 Back,men,B,100 Back/men  ft=B,place=14 (raw=14+off=0) time=1:01.51,acc=29places,no,place_slot_14_already_taken (existing='48.98'),running_total=27
WAC 2025 RESULTS.pdf,30,"15 Woeslaw, Brooke FR GCU 167.85 2",result_row,100 Back,men,B,100 Back/men  ft=B,place=15 (raw=15+off=0) time=167.85,acc=29places,no,place_slot_15_already_taken (existing='49.15'),running_total=27
WAC 2025 RESULTS.pdf,30,3 NAU 3:41.41 32,result_row,100 Back,men,B,100 Back/men  ft=B,place=11 (raw=3+off=8) time=3:41.41,acc=29places,no,place_slot_11_already_taken (existing='48.86'),running_total=27
WAC 2025 RESULTS.pdf,30,"16 Wierschke, Lauren SO UI 166.45 1",result_row,100 Back,men,B,100 Back/men  ft=B,place=16 (raw=16+off=0) time=166.45,acc=29places,no,place_slot_16_already_taken (existing='49.26'),running_total=27
WAC 2025 RESULTS.pdf,30,"1) Munk, Gracie JR 2) r:0.36 Dance, Trelise SO",result_row,100 Back,men,B,100 Back/men  ft=B,place=9 (raw=1+off=8) time=0.36,acc=29places,no,place_slot_9_already_taken (existing='48.60'),running_total=27
WAC 2025 RESULTS.pdf,30,"3) r:0.39 Musselman, Elsa JR 4) r:0.26 Koehn, Bena SR",result_row,100 Back,men,B,100 Back/men  ft=B,place=11 (raw=3+off=8) time=0.26,acc=29places,no,place_slot_11_already_taken (existing='48.86'),running_total=27
WAC 2025 RESULTS.pdf,31,"4 CBU 3:42.17 30 3) r:0.26 Lanting, Nicholas SR 4) r:0.41 Imig, Nicholas",result_row,100 Back,men,B,100 Back/men  ft=B,place=12 (raw=4+off=8) time=3:42.17,acc=29places,no,place_slot_12_already_taken (existing='48.86'),running_total=27
WAC 2025 RESULTS.pdf,31,"1) Walton, Olivia SO 2) r:0.27 Henke, Lynn 5Y r:11.49 23.33 47.59 25.37 54.84",result_row,100 Back,men,B,100 Back/men  ft=B,place=9 (raw=1+off=8) time=54.84,acc=29places,no,place_slot_9_already_taken (existing='48.60'),running_total=27
WAC 2025 RESULTS.pdf,31,"3) r:0.18 Drossel, Emily JR 4) r:0.21 Maksimova, Sofia 5Y 21.97 48.00 20.37 43.74",result_row,100 Back,men,B,100 Back/men  ft=B,place=11 (raw=3+off=8) time=43.74,acc=29places,no,place_slot_11_already_taken (existing='48.86'),running_total=27
WAC 2025 RESULTS.pdf,31,26.94 55.55 29.20 1:02.84 5 AFA 3:14.80 28,result_row,100 Back,men,B,100 Back/men  ft=B,place=26 (raw=26+off=0) time=3:14.80,acc=29places,yes,,running_total=28
WAC 2025 RESULTS.pdf,31,"25.31 54.20 22.96 49.58 1) Body, Louis JR 2) r:0.30 Nagle, Tommy SR",result_row,100 Back,men,B,100 Back/men  ft=B,place=25 (raw=25+off=0) time=49.58,acc=29places,yes,,running_total=29
WAC 2025 RESULTS.pdf,31,"5 NMSU 3:42.41 28 3) r:0.29 Winterfield, James JR 4) r:0.53 Christ, Joe SO",result_row,100 Back,men,B,100 Back/men  ft=B,place=13 (raw=5+off=8) time=3:42.41,acc=29places,no,place_slot_13_already_taken (existing='48.93'),running_total=29
WAC 2025 RESULTS.pdf,31,"1) Dobbins, Emily SO 2) r:0.41 Wiman, Kodi SO 23.82 49.04 25.15 53.80",result_row,100 Back,men,B,100 Back/men  ft=B,place=9 (raw=1+off=8) time=53.80,acc=29places,no,place_slot_9_already_taken (existing='48.60'),running_total=29
WAC 2025 RESULTS.pdf,31,"3) r:0.31 McDonagh, Faye JR 4) r:0.42 Rink, Katie JR 21.90 47.28 21.22 44.68",result_row,100 Back,men,B,100 Back/men  ft=B,place=11 (raw=3+off=8) time=44.68,acc=29places,no,place_slot_11_already_taken (existing='48.86'),running_total=29
WAC 2025 RESULTS.pdf,31,26.53 54.97 16.57 1:02.18 --- UNLV DQ 3:08.87,result_row,100 Back,men,B,100 Back/men  ft=B,place=26 (raw=26+off=0) time=3:08.87,acc=29places,no,place_slot_26_already_taken (existing='3:14.80'),running_total=29
WAC 2025 RESULTS.pdf,31,"25.00 55.07 23.93 50.19 1) Potgieter, Wikus SO 2) r:0.52 Beji, Danny SR",result_row,100 Back,men,B,100 Back/men  ft=B,place=25 (raw=25+off=0) time=50.19,acc=29places,no,place_slot_25_already_taken (existing='49.58'),running_total=29
WAC 2025 RESULTS.pdf,31,"6 UI 3:43.08 26 3) r:0.44 Belflower, Ian JR 4) r:0.51 Nicusan, Daniel 5Y",result_row,100 Back,men,B,100 Back/men  ft=B,place=14 (raw=6+off=8) time=3:43.08,acc=29places,no,place_slot_14_already_taken (existing='48.98'),running_total=29
WAC 2025 RESULTS.pdf,31,"1) Kiefer, Ginger SO 2) r:0.10 Crawford, Courtney FR r:+2.85 22.78 46.84 24.27 52.23",result_row,100 Back,men,B,100 Back/men  ft=B,place=9 (raw=1+off=8) time=52.23,acc=29places,no,place_slot_9_already_taken (existing='48.60'),running_total=29
WAC 2025 RESULTS.pdf,31,"3) r:0.18 Ruble, Grace JR 4) r:0.02 Haskins, Ella SR 21.29 46.62 20.10 43.18",result_row,100 Back,men,B,100 Back/men  ft=B,place=11 (raw=3+off=8) time=43.18,acc=29places,no,place_slot_11_already_taken (existing='48.86'),running_total=29
WAC 2025 RESULTS.pdf,31,Event 30 Women 1650 Yard Freestyle,event_header,1650 Free,women,none,100 Back/men  ft=B,FINALIZE(100 Back/men) → OPEN(1650 Free/women),acc=17places,no,,ft_in_hdr=None
WAC 2025 RESULTS.pdf,36,"B - Final ... (Event 32 Women 200 Yard Backstroke) 13 Hazan, Reese SR UNC 2:02.24 q",finalize,200 Back,women,B,open=200 Back/women,FINALIZE(200 Back/women) reason=new_hdr:200 Back nplaces=15,acc=28places,no,,"places_so_far=[1, 2, 3, 4, 5, 6, 7, 8]..."
WAC 2025 RESULTS.pdf,36,Event 32 Women 200 Yard Backstroke,finalize,200 Back,women,C,open=200 Back/women,FINALIZE(200 Back/women) reason=new_hdr:200 Back nplaces=22,acc=28places,no,,"places_so_far=[1, 2, 3, 4, 5, 6, 7, 8]..."
WAC 2025 RESULTS.pdf,37,Event 33 Men 200 Yard Backstroke Event 33 Men 200 Yard Backstroke,finalize,200 Back,women,unknown,open=200 Back/women,FINALIZE(200 Back/women) reason=new_hdr:200 Back nplaces=28,acc=28places,no,,"places_so_far=[1, 2, 3, 4, 5, 6, 7, 8]..."
WAC 2025 RESULTS.pdf,45,"B - Final ... (Event 39 Men 200 Yard Butterfly) 14 Colombo, Lucas JR CBU 1:51.18 q",finalize,200 Fly,men,B,open=200 Fly/men,FINALIZE(200 Fly/men) reason=new_hdr:200 Fly nplaces=14,acc=18places,no,,"places_so_far=[6, 7, 8, 9, 10, 11, 12, 13]..."
WAC 2025 RESULTS.pdf,45,Event 39 Men 200 Yard Butterfly Name Y r School Finals Score,finalize,200 Fly,men,C,open=200 Fly/men,FINALIZE(200 Fly/men) reason=new_hdr:200 Fly nplaces=16,acc=18places,no,,"places_so_far=[6, 7, 8, 9, 10, 11, 12, 13]..."
WAC 2025 RESULTS.pdf,47,Event 112 Women 200 Yard IM Time Trial Event 123 Women 100 Yard Breaststroke Time Trial,finalize,200 Fly,men,B,open=200 Fly/men,FINALIZE(200 Fly/men) reason=new_hdr:100 Breast nplaces=18,acc=18places,no,,"places_so_far=[1, 2, 6, 7, 8, 9, 10, 11]..."
WAC 2025 RESULTS.pdf,47,Event 114 Women 50 Yard Freestyle Time Trial,event_header,50 Free,women,none,100 Breast/women  ft=unknown,FINALIZE(100 Breast/women) → OPEN(50 Free/women),acc=42places,no,,ft_in_hdr=None
WAC 2025 RESULTS.pdf,47,Event 114 Women 50 Yard Freestyle Time Trial,finalize,100 Breast,women,unknown,open=100 Breast/women,FINALIZE(100 Breast/women) reason=new_hdr:50 Free nplaces=17,acc=19places,no,,"places_so_far=[1, 2, 3, 4, 5, 6, 7, 8]..."
WAC 2025 RESULTS.pdf,47,WAC Champs: 22.30 R 2/24/2011 Amber Boucher Event 124 Men 100 Yard Breaststroke Time Trial,event_header,100 Breast,men,none,50 Free/women  ft=unknown,FINALIZE(50 Free/women) → OPEN(100 Breast/men),acc=32places,no,,ft_in_hdr=None
WAC 2025 RESULTS.pdf,47,Event 117 Women 100 Yard Butterfly Time Trial,event_header,100 Fly,women,none,100 Breast/men  ft=unknown,FINALIZE(100 Breast/men) → OPEN(100 Fly/women),acc=38places,no,,ft_in_hdr=None
WAC 2025 RESULTS.pdf,47,WAC Champs: 51.89 R 2/25/1999 Martina Moravcova Event 125 Women 100 Yard Backstroke Time Trial,event_header,100 Back,women,none,100 Fly/women  ft=unknown,FINALIZE(100 Fly/women) → OPEN(100 Back/women),acc=30places,no,,ft_in_hdr=None
WAC 2025 RESULTS.pdf,47,50.52 A Standard WAC: 52.92 # 3/1/2013 Samantha Corea,result_row,100 Back,women,unknown,100 Back/women  ft=unknown,place=50 (raw=50+off=0) time=52.92,acc=30places,no,place_slot_50_already_taken (existing='50.66'),running_total=30
WAC 2025 RESULTS.pdf,47,53.34 B Standard WAC Champs: 52.92 R 3/1/2013 Samantha Corea,result_row,100 Back,women,unknown,100 Back/women  ft=unknown,place=53 (raw=53+off=0) time=52.92,acc=30places,no,place_slot_53_already_taken (existing='53.53'),running_total=30
WAC 2025 RESULTS.pdf,47,"1 Diaz-Ponce, Mariana FR NAU 58.24 Name Y r School Finals Time",result_row,100 Back,women,unknown,100 Back/women  ft=unknown,place=1 (raw=1+off=0) time=58.24,acc=30places,no,place_slot_1_already_taken (existing='54.83'),running_total=30
WAC 2025 RESULTS.pdf,47,"2 McGinnis, Bryn JR GCU 58.71 1 Eggink, Meropi SO NAU 57.07",result_row,100 Back,women,unknown,100 Back/women  ft=unknown,place=2 (raw=2+off=0) time=57.07,acc=30places,no,place_slot_2_already_taken (existing='54.95'),running_total=30
WAC 2025 RESULTS.pdf,47,"2 Hayes, Allie FR UTU 57.42",result_row,100 Back,women,unknown,100 Back/women  ft=unknown,place=2 (raw=2+off=0) time=57.42,acc=30places,no,place_slot_2_already_taken (existing='54.95'),running_total=30
WAC 2025 RESULTS.pdf,47,Event 118 Men 100 Yard Butterfly Time Trial,event_header,100 Fly,men,none,100 Back/women  ft=unknown,FINALIZE(100 Back/women) → OPEN(100 Fly/men),acc=26places,no,,ft_in_hdr=None
WAC 2025 RESULTS.pdf,47,Event 118 Men 100 Yard Butterfly Time Trial,finalize,100 Back,women,unknown,open=100 Back/women,FINALIZE(100 Back/women) reason=new_hdr:100 Fly nplaces=30,acc=30places,no,,"places_so_far=[1, 2, 3, 4, 5, 6, 7, 8]..."
WAC 2025 RESULTS.pdf,47,"3 Musselman, Jordan FR UTU 57.52",result_row,100 Fly,men,unknown,100 Fly/men  ft=unknown,place=3 (raw=3+off=0) time=57.52,acc=26places,no,place_slot_3_already_taken (existing='47.07'),running_total=25
WAC 2025 RESULTS.pdf,47,44.51 A Standard,result_row,100 Fly,men,unknown,100 Fly/men  ft=unknown,place=44 (raw=44+off=0) time=44.51,acc=26places,no,place_slot_44_already_taken (existing='44.51'),running_total=25
WAC 2025 RESULTS.pdf,47,46.80 B Standard Event 132 Women 200 Yard Backstroke Time Trial,result_row,100 Fly,men,unknown,100 Fly/men  ft=unknown,place=46 (raw=46+off=0) time=46.80,acc=26places,no,place_slot_46_already_taken (existing='46.80'),running_total=25
WAC 2025 RESULTS.pdf,47,"1 Stephenson, Joseph SO GCU 48.89 1:50.50 A Standard",result_row,100 Fly,men,unknown,100 Fly/men  ft=unknown,place=1 (raw=1+off=0) time=1:50.50,acc=26places,no,place_slot_1_already_taken (existing='46.45'),running_total=25
WAC 2025 RESULTS.pdf,47,"2 Warriner, John JR GCU 49.63 Name Y r School Finals Time",result_row,100 Fly,men,unknown,100 Fly/men  ft=unknown,place=2 (raw=2+off=0) time=49.63,acc=26places,no,place_slot_2_already_taken (existing='46.90'),running_total=25
WAC 2025 RESULTS.pdf,47,"3 Lee, Keanu SO SU 50.15 1 Lytle, Rachael SR NAU 2:07.24",result_row,100 Fly,men,unknown,100 Fly/men  ft=unknown,place=3 (raw=3+off=0) time=2:07.24,acc=26places,no,place_slot_3_already_taken (existing='47.07'),running_total=25
WAC 2025 RESULTS.pdf,47,"4 Hirota, Ian SO GCU 50.61 2 Powell, Lily FR NAU 2:07.35",result_row,100 Fly,men,unknown,100 Fly/men  ft=unknown,place=4 (raw=4+off=0) time=2:07.35,acc=26places,no,place_slot_4_already_taken (existing='47.08'),running_total=25
WAC 2025 RESULTS.pdf,48,Event 134 Women 100 Yard Freestyle Time Trial Event 164 Men 50 Yard Backstroke Time Trial,event_header,50 Free,women,none,100 Fly/men  ft=unknown,FINALIZE(100 Fly/men) → OPEN(50 Free/women),acc=42places,no,,ft_in_hdr=None
WAC 2025 RESULTS.pdf,48,Event 134 Women 100 Yard Freestyle Time Trial Event 164 Men 50 Yard Backstroke Time Trial,finalize,100 Fly,men,unknown,open=100 Fly/men,FINALIZE(100 Fly/men) reason=new_hdr:50 Free nplaces=25,acc=26places,no,,"places_so_far=[1, 2, 3, 4, 5, 9, 10, 11]..."
WAC 2025 RESULTS.pdf,48,"47.10 A Standard 1 Volkov, Daniel JR GCU 22.21",result_row,50 Free,women,unknown,50 Free/women  ft=unknown,place=47 (raw=47+off=0) time=22.21,acc=42places,no,place_slot_47_already_taken (existing='24.99'),running_total=42
WAC 2025 RESULTS.pdf,48,"49.18 B Standard 2 Synnott, Mathias SO SU 22.62",result_row,50 Free,women,unknown,50 Free/women  ft=unknown,place=49 (raw=49+off=0) time=22.62,acc=42places,no,place_slot_49_already_taken (existing='25.36'),running_total=42
WAC 2025 RESULTS.pdf,48,Event 165 Women 50 Yard Breaststroke Time Trial,event_header,?,none,none,50 Free/women  ft=unknown,FINALIZE(50 Free/women) → OPEN(None/none),acc=0places,no,,ft_in_hdr=None
WAC 2025 RESULTS.pdf,49,Event 214 Women 50 Yard Freestyle Swim-off,event_header,50 Free,women,none,200 IM/women  ft=unknown,FINALIZE(200 IM/women) → OPEN(50 Free/women),acc=42places,no,,ft_in_hdr=None
WAC 2025 RESULTS.pdf,49,21.58 A Standard,result_row,50 Free,women,unknown,50 Free/women  ft=unknown,place=21 (raw=21+off=0) time=21.58,acc=42places,no,place_slot_21_already_taken (existing='23.82'),running_total=42
WAC 2025 RESULTS.pdf,49,22.58 B Standard,result_row,50 Free,women,unknown,50 Free/women  ft=unknown,place=22 (raw=22+off=0) time=22.58,acc=42places,no,place_slot_22_already_taken (existing='23.85'),running_total=42
WAC 2025 RESULTS.pdf,49,"1 Hayes, Allie FR UTU 2:06.34",result_row,50 Free,women,unknown,50 Free/women  ft=unknown,place=1 (raw=1+off=0) time=2:06.34,acc=42places,no,place_slot_1_already_taken (existing='22.24'),running_total=42
WAC 2025 RESULTS.pdf,49,"1 Watanabe, Kokona FR NAU 23.49",result_row,50 Free,women,unknown,50 Free/women  ft=unknown,place=1 (raw=1+off=0) time=23.49,acc=42places,no,place_slot_1_already_taken (existing='22.24'),running_total=42
WAC 2025 RESULTS.pdf,49,"2 Musselman, Jordan FR UTU 2:06.98",result_row,50 Free,women,unknown,50 Free/women  ft=unknown,place=2 (raw=2+off=0) time=2:06.98,acc=42places,no,place_slot_2_already_taken (existing='22.82'),running_total=42
WAC 2025 RESULTS.pdf,49,"2 Borke, Isabelle SO UI 23.63",result_row,50 Free,women,unknown,50 Free/women  ft=unknown,place=2 (raw=2+off=0) time=23.63,acc=42places,no,place_slot_2_already_taken (existing='22.82'),running_total=42
WAC 2025 RESULTS.pdf,49,Event 318 Men 100 Yard Butterfly Time Trial,event_header,100 Fly,men,none,50 Free/women  ft=unknown,FINALIZE(50 Free/women) → OPEN(100 Fly/men),acc=26places,no,,ft_in_hdr=None
WAC 2025 RESULTS.pdf,49,Event 223 Women 100 Yard Breaststroke Time Trial,event_header,100 Breast,women,none,100 Fly/men  ft=unknown,FINALIZE(100 Fly/men) → OPEN(100 Breast/women),acc=19places,no,,ft_in_hdr=None
WAC 2025 RESULTS.pdf,49,Event 223 Women 100 Yard Breaststroke Time Trial,finalize,100 Fly,men,unknown,open=100 Fly/men,FINALIZE(100 Fly/men) reason=new_hdr:100 Breast nplaces=25,acc=26places,no,,"places_so_far=[1, 2, 3, 4, 5, 9, 10, 11]..."
WAC 2025 RESULTS.pdf,49,Event 234 Women 100 Yard Freestyle Time Trial,finalize,100 Breast,women,unknown,open=100 Breast/women,FINALIZE(100 Breast/women) reason=new_hdr:100 Free nplaces=19,acc=19places,no,,"places_so_far=[1, 2, 3, 4, 5, 6, 7, 8]..."
WAC 2025 RESULTS.pdf,49,Event 415 Men 50 Yard Freestyle Time Trial,event_header,50 Free,men,none,100 Free/women  ft=unknown,FINALIZE(100 Free/women) → OPEN(50 Free/men),acc=26places,no,,ft_in_hdr=None
WAC 2025 RESULTS.pdf,49,47.10 A Standard,result_row,50 Free,men,unknown,50 Free/men  ft=unknown,place=47 (raw=47+off=0) time=47.10,acc=26places,yes,,running_total=25
WAC 2025 RESULTS.pdf,49,18.72 A Standard,result_row,50 Free,men,unknown,50 Free/men  ft=unknown,place=18 (raw=18+off=0) time=18.72,acc=26places,no,place_slot_18_already_taken (existing='18.72'),running_total=25
WAC 2025 RESULTS.pdf,49,49.18 B Standard,result_row,50 Free,men,unknown,50 Free/men  ft=unknown,place=49 (raw=49+off=0) time=49.18,acc=26places,yes,,running_total=26
WAC 2025 RESULTS.pdf,49,19.69 B Standard,result_row,50 Free,men,unknown,50 Free/men  ft=unknown,place=19 (raw=19+off=0) time=19.69,acc=26places,no,place_slot_19_already_taken (existing='19.69'),running_total=26
WAC 2025 RESULTS.pdf,49,"1 Hagan, Emma 5Y CBU 51.91",result_row,50 Free,men,unknown,50 Free/men  ft=unknown,place=1 (raw=1+off=0) time=51.91,acc=26places,no,place_slot_1_already_taken (existing='18.86'),running_total=26
WAC 2025 RESULTS.pdf,49,"1 Wendt, Hawkins SO SU 20.16",result_row,50 Free,men,unknown,50 Free/men  ft=unknown,place=1 (raw=1+off=0) time=20.16,acc=26places,no,place_slot_1_already_taken (existing='18.86'),running_total=26
WAC 2025 RESULTS.pdf,49,Event 263 Women 50 Yard Backstroke Time Trial r:+0.67,event_header,?,none,none,50 Free/men  ft=unknown,FINALIZE(50 Free/men) → OPEN(None/none),acc=0places,no,,ft_in_hdr=None
WAC 2025 RESULTS.pdf,49,Event 263 Women 50 Yard Backstroke Time Trial r:+0.67,finalize,50 Free,men,unknown,open=50 Free/men,FINALIZE(50 Free/men) reason=new_hdr:None nplaces=26,acc=26places,no,,"places_so_far=[1, 2, 3, 4, 5, 6, 7, 8]..."
WAC 2025 RESULTS.pdf,50,Event 518 Men 100 Yard Butterfly Time Trial,event_header,100 Fly,men,none,200 Back/women  ft=unknown,FINALIZE(200 Back/women) → OPEN(100 Fly/men),acc=26places,no,,ft_in_hdr=None
WAC 2025 RESULTS.pdf,50,Event 518 Men 100 Yard Butterfly Time Trial,finalize,200 Back,women,unknown,open=200 Back/women,FINALIZE(200 Back/women) reason=new_hdr:100 Fly nplaces=28,acc=28places,no,,"places_so_far=[1, 2, 3, 4, 5, 6, 7, 8]..."
WAC 2025 RESULTS.pdf,50,"1 Makarenko, Alice FR SU 2:14.19",result_row,100 Fly,men,unknown,100 Fly/men  ft=unknown,place=1 (raw=1+off=0) time=2:14.19,acc=26places,no,place_slot_1_already_taken (existing='46.45'),running_total=25
WAC 2025 RESULTS.pdf,50,44.51 A Standard,result_row,100 Fly,men,unknown,100 Fly/men  ft=unknown,place=44 (raw=44+off=0) time=44.51,acc=26places,no,place_slot_44_already_taken (existing='44.51'),running_total=25
WAC 2025 RESULTS.pdf,50,46.80 B Standard Event 635 Men 100 Yard Freestyle Time Trial,result_row,100 Fly,men,unknown,100 Fly/men  ft=unknown,place=46 (raw=46+off=0) time=46.80,acc=26places,no,place_slot_46_already_taken (existing='46.80'),running_total=25
WAC 2025 RESULTS.pdf,50,"1 Lewis, Kyle SO SU 50.00 41.34 A Standard",result_row,100 Fly,men,unknown,100 Fly/men  ft=unknown,place=1 (raw=1+off=0) time=41.34,acc=26places,no,place_slot_1_already_taken (existing='46.45'),running_total=25
WAC 2025 RESULTS.pdf,50,43.25 B Standard,result_row,100 Fly,men,unknown,100 Fly/men  ft=unknown,place=43 (raw=43+off=0) time=43.25,acc=26places,yes,,running_total=26
WAC 2025 RESULTS.pdf,50,Event 523 Women 100 Yard Breaststroke Time Trial,event_header,100 Breast,women,none,100 Fly/men  ft=unknown,FINALIZE(100 Fly/men) → OPEN(100 Breast/women),acc=19places,no,,ft_in_hdr=None
WAC 2025 RESULTS.pdf,50,Event 523 Women 100 Yard Breaststroke Time Trial,finalize,100 Fly,men,unknown,open=100 Fly/men,FINALIZE(100 Fly/men) reason=new_hdr:100 Breast nplaces=26,acc=26places,no,,"places_so_far=[1, 2, 3, 4, 5, 9, 10, 11]..."
WAC 2025 RESULTS.pdf,50,Name Y r School Finals Time Event 734 Women 100 Yard Freestyle Time Trial,finalize,100 Breast,women,unknown,open=100 Breast/women,FINALIZE(100 Breast/women) reason=new_hdr:100 Free nplaces=19,acc=19places,no,,"places_so_far=[1, 2, 3, 4, 5, 6, 7, 8]..."
WAC 2025 RESULTS.pdf,50,Event 526 Men 100 Yard Backstroke Time Trial,event_header,100 Back,men,none,100 Free/women  ft=unknown,FINALIZE(100 Free/women) → OPEN(100 Back/men),acc=29places,no,,ft_in_hdr=None
WAC 2025 RESULTS.pdf,50,"1 Gott, Bailey SO GCU 52.30",result_row,100 Back,men,unknown,100 Back/men  ft=unknown,place=1 (raw=1+off=0) time=52.30,acc=29places,no,place_slot_1_already_taken (existing='47.16'),running_total=29
WAC 2025 RESULTS.pdf,50,44.48 A Standard,result_row,100 Back,men,unknown,100 Back/men  ft=unknown,place=44 (raw=44+off=0) time=44.48,acc=29places,no,place_slot_44_already_taken (existing='44.48'),running_total=29
WAC 2025 RESULTS.pdf,50,47.16 B Standard,result_row,100 Back,men,unknown,100 Back/men  ft=unknown,place=47 (raw=47+off=0) time=47.16,acc=29places,no,place_slot_47_already_taken (existing='44.33'),running_total=29
WAC 2025 RESULTS.pdf,50,Name Y r School Finals Time Event 737 Men 200 Yard Breaststroke Time Trial,event_header,200 Breast,men,none,100 Back/men  ft=unknown,FINALIZE(100 Back/men) → OPEN(200 Breast/men),acc=10places,no,,ft_in_hdr=None
